path,category,protected,sha256,bytes,codec,sample_rate_hz,channels,bitrate_kbps,duration_seconds,integrated_lufs,loudness_range_lu,true_peak_dbtp,technical_grade,human_grade_1_to_5,human_review_state,severity,decision,runtime_reference_count,routing,provenance
assets/audio/ambience_hall.ogg,ambience,False,58127652243e2fe79d759e42eb2ff7c3dc5121f57e2f870e13950c8dc1e79274,423602,vorbis,48000,1,70.6,48.0,-34.0,5.3,-18.6,A,4,OPEN_DEVICE_LISTENING,P3,KEEP_PENDING_HUMAN,3,asset_or_dynamic,see_ASSET_LICENSES
assets/audio/ambience_lagoon.ogg,ambience,False,794e9eed0207665bf6dc10f5492463a968eb6fe674af189a97a12a1a6bc78d67,431974,vorbis,48000,1,72.0,48.0,-32.4,8.7,-15.3,A,4,OPEN_DEVICE_LISTENING,P3,KEEP_PENDING_HUMAN,2,asset_or_dynamic,see_ASSET_LICENSES
assets/audio/ambience_reef.ogg,ambience,False,71b3b69630ab7abc9032c3b6156a3132e78785ae9a1c6ddb31f38e8e8e090f5a,433350,vorbis,48000,1,72.22,48.0,-30.3,7.3,-11.7,A,4,OPEN_DEVICE_LISTENING,P3,KEEP_PENDING_HUMAN,1,asset_or_dynamic,see_ASSET_LICENSES
assets/audio/buy.ogg,sfx,False,8ef6e7ac80bab04b051bc16e204953c545e185a73b8fa53ae38b48fb4ec29499,18516,vorbis,44100,2,99.68,1.486077,-16.0,0.0,-5.7,A,4,OPEN_DEVICE_LISTENING,P3,KEEP_PENDING_HUMAN,1,asset_or_dynamic,see_ASSET_LICENSES
assets/audio/buzz.ogg,sfx,False,24f6eaa038245789a5a2b6239b9c3b2be2b378998be25257ddcc2887807ad68e,11189,vorbis,44100,1,119.35,0.75,-16.0,0.0,-6.3,A,4,OPEN_DEVICE_LISTENING,P3,KEEP_PENDING_HUMAN,0,asset_or_dynamic,see_ASSET_LICENSES
assets/audio/castle/bubble_water.ogg,castle_sfx,False,21153f963801f0fc8fd5692d4cc1d3a86128078b3fe37454d720546ab8d18991,10737,vorbis,24000,1,58.04,1.48,-13.0,0.0,-2.1,C,3,OPEN_DEVICE_LISTENING,P2,LISTEN_REPLACE_CANDIDATE,9,asset_or_dynamic,see_ASSET_LICENSES
assets/audio/castle/craft_brush.ogg,castle_sfx,False,83a50337770212c7643047f30733e34453b166a833b66f20d522c2ee0f6942dd,8765,vorbis,24000,1,73.04,0.96,-13.9,0.0,-1.9,C,3,OPEN_DEVICE_LISTENING,P2,LISTEN_REPLACE_CANDIDATE,2,asset_or_dynamic,see_ASSET_LICENSES
assets/audio/castle/curtain_swish.ogg,castle_sfx,False,cecf46efec801fdb71591e5e21ef0a58ed98978bb516b0ff9d8cc6dadb1fdfb6,8542,vorbis,24000,1,68.34,1.0,-12.4,0.0,-2.5,C,3,OPEN_DEVICE_LISTENING,P2,LISTEN_REPLACE_CANDIDATE,11,asset_or_dynamic,see_ASSET_LICENSES
assets/audio/castle/duck_squeak.ogg,castle_sfx,False,9dddd0db17d379c8127917cdf46cddc40b8010fb88a7560876590c0e4b0e6405,5063,vorbis,24000,1,65.33,0.62,-10.2,0.0,-2.6,C,3,OPEN_DEVICE_LISTENING,P2,LISTEN_REPLACE_CANDIDATE,4,asset_or_dynamic,see_ASSET_LICENSES
assets/audio/castle/faucet_water.ogg,castle_sfx,False,e11345fd3989897cee379f6bd498e61535e70bbf2dccab4a9fe4aba7487f6ff6,9680,vorbis,24000,1,64.53,1.2,-14.2,0.0,-2.8,C,3,OPEN_DEVICE_LISTENING,P2,LISTEN_REPLACE_CANDIDATE,6,asset_or_dynamic,see_ASSET_LICENSES
assets/audio/castle/fridge_close.ogg,castle_sfx,False,756c7da714d2634d8a41781b3f69f17c3f3d842c0f7910f7353d29afc33d825a,5143,vorbis,24000,1,79.12,0.52,-22.0,0.0,-2.8,C,3,OPEN_DEVICE_LISTENING,P2,LISTEN_REPLACE_CANDIDATE,2,asset_or_dynamic,see_ASSET_LICENSES
assets/audio/castle/fridge_door.ogg,castle_sfx,False,3c7a174eb33a045569c6c928048c46523d4a36f2161518c4b39a1ed5ba07812a,7125,vorbis,24000,1,49.14,1.16,-23.6,0.0,-3.0,C,3,OPEN_DEVICE_LISTENING,P2,LISTEN_REPLACE_CANDIDATE,1,asset_or_dynamic,see_ASSET_LICENSES
assets/audio/castle/fridge_open.ogg,castle_sfx,False,67e038c848f30b4e5275e312f1ec9f058b66d13f25a77732cd9d93eafcf3299c,5497,vorbis,24000,1,61.08,0.72,-17.1,0.0,-2.6,C,3,OPEN_DEVICE_LISTENING,P2,LISTEN_REPLACE_CANDIDATE,1,asset_or_dynamic,see_ASSET_LICENSES
assets/audio/castle/light_switch.ogg,castle_sfx,False,c5574104b4e9a07cce58435eeb4eac6a6c3bbc0b2624a274f0a4bb074cf30cbb,5565,vorbis,24000,1,54.29,0.82,-20.8,0.0,-2.4,C,3,OPEN_DEVICE_LISTENING,P2,LISTEN_REPLACE_CANDIDATE,6,asset_or_dynamic,see_ASSET_LICENSES
assets/audio/castle/oven_door.ogg,castle_sfx,False,a193a1508d1f3610db1c4e16834c7b0fcb7f2510a1a3263c5def960c0fe8201f,10043,vorbis,24000,1,61.8,1.3,-22.2,0.0,-2.8,C,3,OPEN_DEVICE_LISTENING,P2,LISTEN_REPLACE_CANDIDATE,2,asset_or_dynamic,see_ASSET_LICENSES
assets/audio/castle/page_flip.ogg,castle_sfx,False,576536f461fbc516d3ec68e3fa0faf93efc2bdf12ffbda8721443c6ae3a6d349,7548,vorbis,24000,1,79.45,0.76,-12.9,0.0,-0.9,C,3,OPEN_DEVICE_LISTENING,P2,LISTEN_REPLACE_CANDIDATE,6,asset_or_dynamic,see_ASSET_LICENSES
assets/audio/castle/pan_clang.ogg,castle_sfx,False,bffd542a19da6dbfa67777eb384f92c955f389df3a71f956218061ea11640a6c,6136,vorbis,24000,1,53.36,0.92,-21.1,0.0,-2.9,C,3,OPEN_DEVICE_LISTENING,P2,LISTEN_REPLACE_CANDIDATE,5,asset_or_dynamic,see_ASSET_LICENSES
assets/audio/castle/ribbon_roll.ogg,castle_sfx,False,31ec6f150391eb698e9e694afe0a11d172411586ac37b8a17c81ddda0bc14040,8992,vorbis,24000,1,67.86,1.06,-15.2,0.0,-3.3,C,3,OPEN_DEVICE_LISTENING,P2,LISTEN_REPLACE_CANDIDATE,1,asset_or_dynamic,see_ASSET_LICENSES
assets/audio/castle/toilet_flush.ogg,castle_sfx,False,f82374765739b395935fe592197f10f99a758bffd1883ee715440244f0048d88,12887,vorbis,24000,1,57.27,1.8,-16.8,0.0,-2.3,C,3,OPEN_DEVICE_LISTENING,P2,LISTEN_REPLACE_CANDIDATE,6,asset_or_dynamic,see_ASSET_LICENSES
assets/audio/castle/toy_blocks.ogg,castle_sfx,False,5fd69680f4a70145a49c2b6800a0b33e8b1978747619484c3b1df4655ba4179a,9245,vorbis,24000,1,67.24,1.1,-21.0,0.0,-2.9,C,3,OPEN_DEVICE_LISTENING,P2,LISTEN_REPLACE_CANDIDATE,4,asset_or_dynamic,see_ASSET_LICENSES
assets/audio/chime.ogg,sfx,False,b9643d923ab82daaa56ad4a010b8463c8a911333caaa226f2eefff8bb3c681fd,11155,vorbis,44100,1,101.98,0.875102,-15.9,0.0,-5.3,A,4,OPEN_DEVICE_LISTENING,P3,KEEP_PENDING_HUMAN,11,asset_or_dynamic,see_ASSET_LICENSES
assets/audio/fart.ogg,sfx,False,ab3216da83a4024915bf0f00b18e9c730b29d9e51a687675f763912fb36638dc,5459,vorbis,44100,1,72.79,0.6,-15.9,0.0,-6.6,A,4,OPEN_DEVICE_LISTENING,P3,KEEP_PENDING_HUMAN,0,asset_or_dynamic,see_ASSET_LICENSES
assets/audio/hop_boing.ogg,sfx,False,c72e03725064d162edcd43a94f578c9b493c67e7ab1a82eb435728ee0da7cab7,4971,vorbis,44100,1,79.54,0.5,-17.3,0.0,-7.4,A,4,OPEN_DEVICE_LISTENING,P3,KEEP_PENDING_HUMAN,9,asset_or_dynamic,see_ASSET_LICENSES
assets/audio/music/banjo.ogg,music,False,a2784a568e6d104a80e9026666ed807dec3d13968477af3e22cda116046c9297,145168,vorbis,44100,1,77.43,14.999002,-17.9,1.1,-5.7,C,3,OPEN_DEVICE_LISTENING,P2,LISTEN_REPLACE_CANDIDATE,1,asset_or_dynamic,see_ASSET_LICENSES
assets/audio/music/castle_bubble_bath.ogg,music,False,44b9c0c46bcb20f58dc20a7ec13fa91425ddc4487814bb273c11fac47bab9eab,312640,vorbis,48000,2,90.32,27.692313,-17.8,2.0,-6.0,A,4,OPEN_DEVICE_LISTENING,P3,KEEP_PENDING_HUMAN,0,asset_or_dynamic,see_ASSET_LICENSES
assets/audio/music/castle_craft_room.ogg,music,False,6c8953196a490fbe4d19a1ea0472054d0e49c838b31a2be61b2cec4797f3bc71,316774,vorbis,48000,2,98.55,25.714292,-17.9,1.4,-6.8,A,4,OPEN_DEVICE_LISTENING,P3,KEEP_PENDING_HUMAN,0,asset_or_dynamic,see_ASSET_LICENSES
assets/audio/music/castle_dining_room.ogg,music,False,3849ff41ff7aa32bc359297ea267d8bc2ae8cc46ee414185c83342726484d303,315510,vorbis,48000,2,98.16,25.714292,-17.8,2.8,-7.7,A,4,OPEN_DEVICE_LISTENING,P3,KEEP_PENDING_HUMAN,0,asset_or_dynamic,see_ASSET_LICENSES
assets/audio/music/castle_family_gallery.ogg,music,False,1eba4992dacf7851e103275cddbb7a9d147b3afa54cf58fa3f33b6ad90fc118e,331601,vorbis,48000,2,98.25,27.0,-17.8,2.4,-7.6,A,4,OPEN_DEVICE_LISTENING,P3,KEEP_PENDING_HUMAN,0,asset_or_dynamic,see_ASSET_LICENSES
assets/audio/music/castle_kitchen.ogg,music,False,d8c6c808bf46a8009a96bef4d1cda01ba9e665cc555920b16a695915b2f530d1,295388,vorbis,48000,2,98.46,24.0,-17.8,3.0,-6.1,A,4,OPEN_DEVICE_LISTENING,P3,KEEP_PENDING_HUMAN,0,asset_or_dynamic,see_ASSET_LICENSES
assets/audio/music/castle_library.ogg,music,False,abf79433746b6322c0a2cbc3e1dd4cc4ad1c1622ad146a33ee02617d3f983d03,310321,vorbis,48000,2,98.27,25.263167,-17.8,3.3,-8.7,A,4,OPEN_DEVICE_LISTENING,P3,KEEP_PENDING_HUMAN,0,asset_or_dynamic,see_ASSET_LICENSES
assets/audio/music/castle_mermaid_pool.ogg,music,False,9b20725437a1258dcae59a2b42e76ae7e8e81be010b2dfee1920429d98b9f605,429448,vorbis,48000,2,97.82,35.121958,-17.8,5.1,-8.1,A,4,OPEN_DEVICE_LISTENING,P3,KEEP_PENDING_HUMAN,0,asset_or_dynamic,see_ASSET_LICENSES
assets/audio/music/castle_movie_lounge.ogg,music,False,1398595a3382bc5c1fcab9ab8036cdddbd0cd0bbd844526af5c2518ee3119efd,367455,vorbis,48000,2,97.99,30.0,-17.8,3.4,-6.6,A,4,OPEN_DEVICE_LISTENING,P3,KEEP_PENDING_HUMAN,0,asset_or_dynamic,see_ASSET_LICENSES
assets/audio/music/castle_open.ogg,music,False,0dddbdeb4665a18e85bc5de359b73a47cea7d388f0e0f9ef243b5d232ebb0ade,31739,vorbis,44100,1,40.95,6.2,-18.1,2.1,-4.6,C,3,OPEN_DEVICE_LISTENING,P2,LISTEN_REPLACE_CANDIDATE,0,asset_or_dynamic,see_ASSET_LICENSES
assets/audio/music/castle_opera_hall.ogg,music,False,c6f509938dcb590e8d2d28672e627352d934ad11385ac15de221db234d2b8518,383596,vorbis,48000,2,98.03,31.304354,-17.8,3.6,-8.7,A,4,OPEN_DEVICE_LISTENING,P3,KEEP_PENDING_HUMAN,0,asset_or_dynamic,see_ASSET_LICENSES
assets/audio/music/castle_playroom.ogg,music,False,7b36c83abee3633bfcb975e507e867a9aff2e962d692d5fa8cbb2e7e48639510,327754,vorbis,48000,2,98.33,26.666667,-17.9,1.8,-5.5,A,4,OPEN_DEVICE_LISTENING,P3,KEEP_PENDING_HUMAN,0,asset_or_dynamic,see_ASSET_LICENSES
assets/audio/music/castle_royal_bedroom.ogg,music,False,adbdf9631a8be6b133887763ef492b8a7b903c81523189c1a2e820fe8010183f,388785,vorbis,48000,2,97.92,31.764708,-17.9,4.6,-7.7,A,4,OPEN_DEVICE_LISTENING,P3,KEEP_PENDING_HUMAN,0,asset_or_dynamic,see_ASSET_LICENSES
assets/audio/music/castle_sleepover_bedroom.ogg,music,False,47f6bf50a7b203bc2736bae23962d3382c51438bf1637b74385ace4b70d8e0a1,476114,vorbis,48000,2,97.87,38.918917,-17.9,2.2,-6.2,A,4,OPEN_DEVICE_LISTENING,P3,KEEP_PENDING_HUMAN,0,asset_or_dynamic,see_ASSET_LICENSES
assets/audio/music/combat_fire.ogg,music,False,3c57b2f3fab42b3ce707d3e3d699459b904285772e66313a1861d80b15b35895,368032,vorbis,48000,2,98.14,30.0,-17.9,3.4,-4.6,A,4,OPEN_DEVICE_LISTENING,P3,KEEP_PENDING_HUMAN,0,asset_or_dynamic,see_ASSET_LICENSES
assets/audio/music/combat_ice.ogg,music,False,1558a37c17858f380892474306a08ce74e9f874222ce2a7d93528287ac978511,379998,vorbis,48000,2,98.17,30.96775,-17.9,2.1,-6.0,A,4,OPEN_DEVICE_LISTENING,P3,KEEP_PENDING_HUMAN,0,asset_or_dynamic,see_ASSET_LICENSES
assets/audio/music/combat_tutorial.ogg,music,False,2ebac2dbcc0fecef7088ca37fbbe41985dd1f552c071b788d7004d46f04cc108,339912,vorbis,48000,2,98.2,27.692313,-17.9,1.8,-4.8,A,4,OPEN_DEVICE_LISTENING,P3,KEEP_PENDING_HUMAN,0,asset_or_dynamic,see_ASSET_LICENSES
assets/audio/music/dolls.ogg,music,False,2f867639ef10574c7c3a10e5466971c9edee92a88b65871f67a0e4ce93d3c7a4,26363,vorbis,22050,1,16.4,12.857143,-18.0,0.7,-7.8,D,2,OPEN_DEVICE_LISTENING,P2,LISTEN_REPLACE_CANDIDATE,0,asset_or_dynamic,see_ASSET_LICENSES
assets/audio/music/dungeon_ember.ogg,music,False,d606e4951f85135403153748ed9a83acbf96f04dabddf11c3964f4bbfe3b1db6,353538,vorbis,48000,2,98.2,28.8,-17.9,1.8,-6.4,A,4,OPEN_DEVICE_LISTENING,P3,KEEP_PENDING_HUMAN,0,asset_or_dynamic,see_ASSET_LICENSES
assets/audio/music/dungeon_ice.ogg,music,False,92f94834e0fa255e5ac2ccc6da704e4dc997028ceb0cb1f65d3d66ac163768b5,359066,vorbis,48000,2,89.77,32.0,-17.9,1.6,-5.3,A,4,OPEN_DEVICE_LISTENING,P3,KEEP_PENDING_HUMAN,0,asset_or_dynamic,see_ASSET_LICENSES
assets/audio/music/ember.ogg,music,False,af75dc1df8bafece02b7384c594031f420fea5def16b496d7c19ae4d4b8aff4a,340159,vorbis,48000,2,98.27,27.692313,-17.9,1.8,-7.6,A,4,OPEN_DEVICE_LISTENING,P3,KEEP_PENDING_HUMAN,0,asset_or_dynamic,see_ASSET_LICENSES
assets/audio/music/fetch.ogg,music,False,4c7c47d71e3fc203f69e308d35a16fe374949f9ab0d5f9978bc5137e239adef6,64843,vorbis,22050,1,58.36,8.888889,-17.8,0.5,-9.1,D,2,OPEN_DEVICE_LISTENING,P2,LISTEN_REPLACE_CANDIDATE,0,asset_or_dynamic,see_ASSET_LICENSES
assets/audio/music/finale.ogg,music,False,de7e9257331235344e5b6d802e06132cc999a76e613259c9a25fbf908ad66b44,213998,vorbis,44100,1,40.76,42.0,-17.9,1.0,-3.1,C,3,OPEN_DEVICE_LISTENING,P2,LISTEN_REPLACE_CANDIDATE,0,asset_or_dynamic,see_ASSET_LICENSES
assets/audio/music/galaxy.ogg,music,False,82c26ce12daab47683ab903142b27affa0d325c4b276a0d5796d8dd7b51e6444,339312,vorbis,48000,2,90.48,30.0,-17.9,1.9,-8.0,A,4,OPEN_DEVICE_LISTENING,P3,KEEP_PENDING_HUMAN,0,asset_or_dynamic,see_ASSET_LICENSES
assets/audio/music/hall.ogg,music,False,eeba01e1fd6034a2116c603def6385c511141cedddbaf7f63db7c419a07f2332,1286504,vorbis,44100,2,144.73,71.111111,-18.1,4.1,-1.6,C,3,OPEN_DEVICE_LISTENING,P2,LISTEN_REPLACE_CANDIDATE,3,asset_or_dynamic,see_ASSET_LICENSES
assets/audio/music/home.ogg,music,False,5b433112d34a0664f54ff87119cb55c925f846957528a18f4c99c8ab794fc129,870026,vorbis,44100,2,149.84,46.451633,-17.8,5.3,-4.0,C,3,OPEN_DEVICE_LISTENING,P2,LISTEN_REPLACE_CANDIDATE,0,asset_or_dynamic,see_ASSET_LICENSES
assets/audio/music/level2.ogg,music,False,1569ab70f51712cd403127b0b0bb6830d652932e81e8f53303d1a11440691f68,2396842,vorbis,44100,2,170.68,112.340431,-17.9,5.6,-6.3,C,3,OPEN_DEVICE_LISTENING,P2,LISTEN_REPLACE_CANDIDATE,0,asset_or_dynamic,see_ASSET_LICENSES
assets/audio/music/melody.ogg,music,False,3e2f36ac479b68c294db8fe42ff8d4ca583bad3308df44869f4c77d8ac60e6ac,62871,vorbis,22050,1,58.68,8.571429,-17.9,1.0,-8.8,D,2,OPEN_DEVICE_LISTENING,P2,LISTEN_REPLACE_CANDIDATE,0,asset_or_dynamic,see_ASSET_LICENSES
assets/audio/music/northern.ogg,music,False,74b59bf3ed5cd47128f3530da8c84028826a9935f42cc2c3d699d63eaec49d2a,418897,vorbis,48000,2,97.74,34.285708,-17.8,4.8,-8.4,A,4,OPEN_DEVICE_LISTENING,P3,KEEP_PENDING_HUMAN,0,asset_or_dynamic,see_ASSET_LICENSES
assets/audio/music/opera_astronaut.ogg,music,False,05ca3cff00ad98f2a7efe9c21a0fd8eff199d7843ad4e8952932b314af3d08c1,321382,vorbis,48000,2,98.2,26.181813,-17.8,3.3,-6.0,A,4,OPEN_DEVICE_LISTENING,P3,KEEP_PENDING_HUMAN,0,asset_or_dynamic,see_ASSET_LICENSES
assets/audio/music/opera_ballerina.ogg,music,False,19f1ea64de92cdf0f5ba313b8b1b3283e67a2e0cf6a18501212884771e35067c,316441,vorbis,48000,2,98.45,25.714292,-17.8,3.5,-7.2,A,4,OPEN_DEVICE_LISTENING,P3,KEEP_PENDING_HUMAN,0,asset_or_dynamic,see_ASSET_LICENSES
assets/audio/music/opera_boss_dragon.ogg,music,False,a8f895d7ea8de1c2708a35bfdcc5fd5415efdaf7dc1c19d5f951edcbfce5d310,316378,vorbis,48000,2,98.43,25.714292,-17.9,2.2,-7.1,A,4,OPEN_DEVICE_LISTENING,P3,KEEP_PENDING_HUMAN,0,asset_or_dynamic,see_ASSET_LICENSES
assets/audio/music/opera_boss_maestro.ogg,music,False,0aeb0c6579401436bfa02867f8999453e6eed603957b811ea245e5ec002dcfe7,379813,vorbis,48000,2,98.12,30.96775,-17.9,2.7,-6.8,A,4,OPEN_DEVICE_LISTENING,P3,KEEP_PENDING_HUMAN,0,asset_or_dynamic,see_ASSET_LICENSES
assets/audio/music/opera_boss_phantom.ogg,music,False,67572c0ed346a32fbe07db834e31e1aa366d686aa24d1366439a7156399b6e09,360733,vorbis,48000,2,96.19,30.0,-17.8,3.8,-6.4,A,4,OPEN_DEVICE_LISTENING,P3,KEEP_PENDING_HUMAN,0,asset_or_dynamic,see_ASSET_LICENSES
assets/audio/music/opera_boxer.ogg,music,False,c3674029450d9ffc9df386917e2263389b8a259da03e805777ee4aa5cb7d26b2,295352,vorbis,48000,2,98.45,24.0,-17.9,2.4,-6.4,A,4,OPEN_DEVICE_LISTENING,P3,KEEP_PENDING_HUMAN,0,asset_or_dynamic,see_ASSET_LICENSES
assets/audio/music/opera_candymaker.ogg,music,False,52af3551a5645f231c363c0fd5049acb67c7fd25a11e6c007b6dc6c496b52372,305326,vorbis,48000,2,98.38,24.827583,-17.8,2.8,-7.1,A,4,OPEN_DEVICE_LISTENING,P3,KEEP_PENDING_HUMAN,0,asset_or_dynamic,see_ASSET_LICENSES
assets/audio/music/opera_chef.ogg,music,False,8871b72dc0dab0e467b9aaa1e98c8e1b9f044c5aaa658b04653b60354890bb75,383635,vorbis,48000,2,98.04,31.304354,-17.9,2.8,-7.0,A,4,OPEN_DEVICE_LISTENING,P3,KEEP_PENDING_HUMAN,0,asset_or_dynamic,see_ASSET_LICENSES
assets/audio/music/opera_detective.ogg,music,False,690c8210f3762b0d6920cc2d4f89dcb0a3a54451a3b9868c506383a4351c662b,395132,vorbis,48000,2,96.59,32.727271,-17.8,2.6,-7.4,A,4,OPEN_DEVICE_LISTENING,P3,KEEP_PENDING_HUMAN,0,asset_or_dynamic,see_ASSET_LICENSES
assets/audio/music/opera_doctor.ogg,music,False,cee8ed6ff385057a189253f56066b8010fc24b3c0177d7c65c3044638bb32ed1,410220,vorbis,48000,2,98.0,33.488375,-17.9,3.4,-6.5,A,4,OPEN_DEVICE_LISTENING,P3,KEEP_PENDING_HUMAN,0,asset_or_dynamic,see_ASSET_LICENSES
assets/audio/music/opera_farmer.ogg,music,False,cc45b636ca5ba151614c61a9c835dd8c1607a2353fe3052ac5bf3cf82c4c8c44,316600,vorbis,48000,2,98.5,25.714292,-17.9,1.2,-8.3,A,4,OPEN_DEVICE_LISTENING,P3,KEEP_PENDING_HUMAN,0,asset_or_dynamic,see_ASSET_LICENSES
assets/audio/music/opera_lobby.ogg,music,False,6d7d4bb3457e90cbacb8c302d679bbd11fcb37f41d0fdd551129d6df443874ec,368053,vorbis,48000,2,98.15,30.0,-17.7,4.0,-8.7,A,4,OPEN_DEVICE_LISTENING,P3,KEEP_PENDING_HUMAN,0,asset_or_dynamic,see_ASSET_LICENSES
assets/audio/music/opera_magician.ogg,music,False,889f27b438ba41b0584025f3d520215180e7f23b71fec0ec739cb6f3b85c1a49,376804,vorbis,48000,2,96.29,31.304354,-17.8,3.7,-4.4,A,4,OPEN_DEVICE_LISTENING,P3,KEEP_PENDING_HUMAN,0,asset_or_dynamic,see_ASSET_LICENSES
assets/audio/music/opera_nursery.ogg,music,False,1301e99f908ee6d391fb2c16a88cff51970031df261e965fa8484670f1196072,440192,vorbis,48000,2,97.82,36.0,-17.9,1.1,-7.6,A,4,OPEN_DEVICE_LISTENING,P3,KEEP_PENDING_HUMAN,0,asset_or_dynamic,see_ASSET_LICENSES
assets/audio/music/opera_painter.ogg,music,False,dd86846e70eace3d6e99547913fb67f85d20e88b8056d485b00241c96b8b5f81,400219,vorbis,48000,2,97.83,32.727271,-17.8,3.3,-7.9,A,4,OPEN_DEVICE_LISTENING,P3,KEEP_PENDING_HUMAN,0,asset_or_dynamic,see_ASSET_LICENSES
assets/audio/music/opera_popstar.ogg,music,False,afde1ee8eccb97288f4375e5fd8eb433ea209b90ee7881c44f7f2ff4c5c9c59b,300174,vorbis,48000,2,98.39,24.406771,-17.8,3.8,-4.1,A,4,OPEN_DEVICE_LISTENING,P3,KEEP_PENDING_HUMAN,0,asset_or_dynamic,see_ASSET_LICENSES
assets/audio/music/opera_racer.ogg,music,False,c3e442c3c23d6f70011b7195be947321c48c207e2404a2fc523fcbd76d5304a4,368283,vorbis,48000,2,98.21,30.0,-17.9,4.0,-4.5,A,4,OPEN_DEVICE_LISTENING,P3,KEEP_PENDING_HUMAN,0,asset_or_dynamic,see_ASSET_LICENSES
assets/audio/music/picture_garden.ogg,music,False,a19946e8521b1db45a90e01ac80f49b383a8cc26934907f5b81ad0aaf4419145,384033,vorbis,48000,2,98.14,31.304354,-17.8,4.4,-8.4,A,4,OPEN_DEVICE_LISTENING,P3,KEEP_PENDING_HUMAN,0,asset_or_dynamic,see_ASSET_LICENSES
assets/audio/music/picture_snowman.ogg,music,False,f802f21b9c78615489c54e280e0dab0c7c14483213be4d43c207f8282d204f4e,338092,vorbis,48000,2,97.67,27.692313,-17.8,3.7,-8.8,A,4,OPEN_DEVICE_LISTENING,P3,KEEP_PENDING_HUMAN,0,asset_or_dynamic,see_ASSET_LICENSES
assets/audio/music/picture_trampoline.ogg,music,False,ea5f0c700c627642a26f2261a2238934b05f98114357df9a4a4d363901667a8a,285798,vorbis,48000,2,92.09,24.827583,-17.8,2.0,-6.8,A,4,OPEN_DEVICE_LISTENING,P3,KEEP_PENDING_HUMAN,0,asset_or_dynamic,see_ASSET_LICENSES
assets/audio/music/picture_xmas.ogg,music,False,e14b07a5200ff279d3cb912b9ea42636b478d151fd0c7f4192e6977f23938010,418642,vorbis,48000,2,97.68,34.285708,-17.9,1.9,-7.4,A,4,OPEN_DEVICE_LISTENING,P3,KEEP_PENDING_HUMAN,0,asset_or_dynamic,see_ASSET_LICENSES
assets/audio/music/race.ogg,music,False,622e0bd4e2ac59861b30ba30b426c88136f9f2bcb53837f147e71ac7834c8426,56553,vorbis,22050,1,45.24,10.0,-17.8,0.5,-7.8,D,2,OPEN_DEVICE_LISTENING,P2,LISTEN_REPLACE_CANDIDATE,0,asset_or_dynamic,see_ASSET_LICENSES
assets/audio/music/seek.ogg,music,False,7b0d9d74ba1c4b487b7cd34e98d7bcad4cc51dc437d2a6d14bb57b9a133ec546,43307,vorbis,22050,1,44.03,7.868844,-17.9,0.7,-8.2,D,2,OPEN_DEVICE_LISTENING,P2,LISTEN_REPLACE_CANDIDATE,0,asset_or_dynamic,see_ASSET_LICENSES
assets/audio/music/shop.ogg,music,False,88e81351f13bd9eb304f16c8507ac566fa0079f725849a4686b92972fd669b0e,81027,vorbis,44100,1,35.73,18.142857,-17.9,0.9,-1.4,C,3,OPEN_DEVICE_LISTENING,P2,LISTEN_REPLACE_CANDIDATE,0,asset_or_dynamic,see_ASSET_LICENSES
assets/audio/music/stuffie_battle.ogg,music,False,91d4e3c53cc89d51a0926b43e6d2e36a9995a21afd0ecaad34ba8bd172115f52,305464,vorbis,48000,2,98.43,24.827583,-17.9,1.4,-8.5,A,4,OPEN_DEVICE_LISTENING,P3,KEEP_PENDING_HUMAN,0,asset_or_dynamic,see_ASSET_LICENSES
assets/audio/music/treasure.ogg,music,False,2541685014b8ea35fce53d032b84417030660b17dba2a090dce3cdd7d0d23785,94917,vorbis,44100,1,23.73,32.0,-17.8,3.8,-2.9,C,3,OPEN_DEVICE_LISTENING,P2,LISTEN_REPLACE_CANDIDATE,0,asset_or_dynamic,see_ASSET_LICENSES
assets/audio/music/world.ogg,music,False,67d9c32bd2c0a6feae3b2dc7f5531a4155a0dbd6f84a018519523e45935b4b28,1099468,vorbis,44100,2,164.92,53.333356,-18.0,6.1,-3.8,C,3,OPEN_DEVICE_LISTENING,P2,LISTEN_REPLACE_CANDIDATE,0,asset_or_dynamic,see_ASSET_LICENSES
assets/audio/music/world_night.ogg,music,False,316ed5149e2bb8616e5f4ccb7cd0c19f6d8aef50df7f8553002d67816c73d45f,1789252,vorbis,44100,2,154.07,92.903243,-18.0,1.1,-5.2,C,3,OPEN_DEVICE_LISTENING,P2,LISTEN_REPLACE_CANDIDATE,1,asset_or_dynamic,see_ASSET_LICENSES
assets/audio/penguin_giggle.ogg,sfx,False,c249eaf5e07d0b4176d6b1cb179b44578ce1a5ac6a1fb190d03c2aa553c0f0fa,9088,vorbis,44100,1,105.37,0.689977,-11.5,0.0,-3.5,A,4,OPEN_DEVICE_LISTENING,P3,KEEP_PENDING_HUMAN,1,asset_or_dynamic,see_ASSET_LICENSES
assets/audio/purr.wav,sfx,False,b0714e8de07110bc0de8ce6ce662e242655039bc8a671eda7a8c9510f8d48a2b,88244,pcm_s16le,22050,1,352.98,2.0,-13.5,0.0,-2.8,C,3,OPEN_DEVICE_LISTENING,P2,LISTEN_REPLACE_CANDIDATE,1,asset_or_dynamic,see_ASSET_LICENSES
assets/audio/sfx/combat_bonk.wav,combat_sfx,False,6965f73cda39888f10433f6e0335b259916094b4420fadc4e8dc5fd3d5925ed0,13274,pcm_s16le,44100,1,707.95,0.15,,,-11.8,B,4,OPEN_DEVICE_LISTENING,P3,KEEP_REVIEW_DEVICE,1,asset_or_dynamic,see_ASSET_LICENSES
assets/audio/sfx/combat_charge_ring.wav,combat_sfx,False,0dca6754636cb7218e165dc9c8c2784ef06787ca7ffbb8065b7b528060adf0bf,19448,pcm_s16le,44100,1,707.2,0.22,,,-17.3,B,4,OPEN_DEVICE_LISTENING,P3,KEEP_REVIEW_DEVICE,1,asset_or_dynamic,see_ASSET_LICENSES
assets/audio/sfx/combat_fizzle.wav,combat_sfx,False,df5c9a4faba486315fe320ec73fa9d88140c24d878d594546e86105bfbb40c16,15920,pcm_s16le,44100,1,707.55,0.18,,,-13.4,B,4,OPEN_DEVICE_LISTENING,P3,KEEP_REVIEW_DEVICE,0,asset_or_dynamic,see_ASSET_LICENSES
assets/audio/sfx/combat_freeze.wav,combat_sfx,False,aaf025751c96af6d213e284cba903c263efbaa99c448e0501e7677a27481a627,28268,pcm_s16le,44100,1,706.7,0.32,,,-17.1,B,4,OPEN_DEVICE_LISTENING,P3,KEEP_REVIEW_DEVICE,0,asset_or_dynamic,see_ASSET_LICENSES
assets/audio/sfx/combat_poof.wav,combat_sfx,False,6744a0c1d118093ca82f0364c7fee0680de4d4e56fe6e546bd4b272a05a724f3,22976,pcm_s16le,44100,1,706.95,0.26,,,-13.0,B,4,OPEN_DEVICE_LISTENING,P3,KEEP_REVIEW_DEVICE,0,asset_or_dynamic,see_ASSET_LICENSES
assets/audio/sfx/combat_pop.wav,combat_sfx,False,26856598c6cdce07b63c1eb23833d05af01972d11fdac32d41c183b8597f46cd,9746,pcm_s16le,44100,1,708.8,0.11,,,-12.9,B,4,OPEN_DEVICE_LISTENING,P3,KEEP_REVIEW_DEVICE,3,asset_or_dynamic,see_ASSET_LICENSES
assets/audio/ui_tap.ogg,ui,False,198f373dbde4c0de066ef43c92cc596d592e6bbebdd7e26851fba75a852e223d,5298,vorbis,48000,1,326.03,0.13,,,-7.2,A,4,OPEN_DEVICE_LISTENING,P3,KEEP_PENDING_HUMAN,13,asset_or_dynamic,see_ASSET_LICENSES
assets/audio/voice_yay.mp3,voice,True,26ed5d111c7cc23238dd0207a1460f06d735ada275c26615652b5fbe3f5d7760,6834,mp3,22050,1,61.15,0.894014,-15.9,0.0,-6.0,C,1,OPEN_DEVICE_LISTENING,P1,KEEP_PROTECTED_RESTRICT_FALLBACK,1,dynamic_voice,protected_original
assets/audio/voices/chuck.ogg,voice,True,ed8f40176d63f18591d8f7fd0c56a8ba672202bdb3b2f939cc8d417934123e4d,15950,vorbis,44100,2,161.92,0.788027,-16.0,0.0,-4.0,B,4,OPEN_DEVICE_LISTENING,P2,KEEP_PROTECTED,0,dynamic_voice,protected_original
assets/audio/voices/chuck_bark.ogg,voice,True,674d10df170e13ec23d84c462ab18ee52f13a66d811db96e808f32f25fb8ceb3,15950,vorbis,44100,2,161.92,0.788027,-16.0,0.0,-4.0,B,4,OPEN_DEVICE_LISTENING,P2,KEEP_PROTECTED,0,dynamic_voice,protected_original
assets/audio/voices/chuck_whimper.ogg,voice,False,9623ce6bc79eb1dbaea3a94276b0d90703f55c1594c3ac0fe52f3b33dda422fa,9332,vorbis,48000,1,61.45,1.215,-16.0,0.0,-9.8,A,4,OPEN_DEVICE_LISTENING,P3,KEEP_PENDING_HUMAN,1,dynamic_voice,see_ASSET_LICENSES
assets/audio/voices/daddy1.ogg,voice,True,50224b61893a01a20e553e074602c39332b870973761c9fda85b90cac08170a0,21405,vorbis,44100,2,155.05,1.104399,-16.2,0.0,-1.6,B,4,OPEN_DEVICE_LISTENING,P2,KEEP_PROTECTED,0,dynamic_voice,protected_original
assets/audio/voices/daddy2.ogg,voice,True,39fbcdc22e7e06176a36dd74f0ed01770af91f3e93eabd088bb4499268a47a83,53437,vorbis,44100,2,143.48,2.97941,-16.1,0.0,-1.4,B,4,OPEN_DEVICE_LISTENING,P2,KEEP_PROTECTED,0,dynamic_voice,protected_original
assets/audio/voices/daddy3.ogg,voice,True,d302b69f80f3856c8156f05e697129987f34bb69d254861b1f5264a222ee7ac3,25735,vorbis,44100,2,168.28,1.223401,-16.3,0.0,-2.1,B,4,OPEN_DEVICE_LISTENING,P2,KEEP_PROTECTED,0,dynamic_voice,protected_original
assets/audio/voices/everyone.ogg,voice,False,b377cff1646d6ed87537dadc064b2280cbd8cf13ddfff6e9b5cd9f61d61b1065,21319,vorbis,48000,1,87.58,1.947458,-16.0,0.0,-6.9,A,4,OPEN_DEVICE_LISTENING,P3,KEEP_PENDING_HUMAN,0,dynamic_voice,see_ASSET_LICENSES
assets/audio/voices/evie.ogg,voice,False,62b91ac32fbe325fd5d2c696d315f6124ef1839a8044eed280a3b6afe7fdea98,31582,vorbis,48000,1,99.93,2.528208,-16.3,0.0,-1.3,B,3,OPEN_DEVICE_LISTENING,P2,RENDER_TRUE_PEAK_SAFE,1,dynamic_voice,see_ASSET_LICENSES
assets/audio/voices/evie_fail.ogg,voice,False,e9ce9639762e880bef7ce02ecdd101a00b76a863b69ab7fb3c4249aa53903afb,27843,vorbis,48000,1,103.96,2.142583,-16.0,0.0,-1.4,B,3,OPEN_DEVICE_LISTENING,P2,RENDER_TRUE_PEAK_SAFE,0,dynamic_voice,see_ASSET_LICENSES
assets/audio/voices/evie_win.ogg,voice,False,110fcf0d7d3298be84754f6fbf896f8ea66f70caf887dea1bb1879c71108ade4,23404,vorbis,48000,1,102.97,1.81825,-15.9,0.0,-1.6,A,4,OPEN_DEVICE_LISTENING,P3,KEEP_PENDING_HUMAN,1,dynamic_voice,see_ASSET_LICENSES
assets/audio/voices/faron.ogg,voice,False,ebb6466fd55f03e26647ea8ac90d23b8f7d4b4afb387ab205b265b400be47240,39811,vorbis,48000,1,80.8,3.941854,-16.2,0.5,-1.2,B,3,OPEN_DEVICE_LISTENING,P2,RENDER_TRUE_PEAK_SAFE,0,dynamic_voice,see_ASSET_LICENSES
assets/audio/voices/faron_fail.ogg,voice,False,5e945ff5cda16b46fa6d5da3abad3ffdc4935ae68af37d90016418ee2d99fb07,37745,vorbis,48000,1,82.51,3.659604,-15.7,2.5,-1.1,B,3,OPEN_DEVICE_LISTENING,P2,RENDER_TRUE_PEAK_SAFE,0,dynamic_voice,see_ASSET_LICENSES
assets/audio/voices/faron_miss.ogg,voice,False,04f7e8a6dad06c963f70fb744938622e2cfc78aa3e0e553cdaad4381aa6b7dea,38594,vorbis,48000,1,82.06,3.762688,-15.8,0.9,-1.2,B,3,OPEN_DEVICE_LISTENING,P2,RENDER_TRUE_PEAK_SAFE,1,dynamic_voice,see_ASSET_LICENSES
assets/audio/voices/faron_op_nursery_bedtime.ogg,voice,False,9179816430775231074954f779bad8b60e9ff46ae0014998b214d7cfb2463ec3,52051,vorbis,48000,1,80.29,5.186083,-16.3,0.8,-1.3,B,3,OPEN_DEVICE_LISTENING,P2,RENDER_TRUE_PEAK_SAFE,0,dynamic_voice,see_ASSET_LICENSES
assets/audio/voices/faron_op_nursery_catch.ogg,voice,False,c45820ad4107135fa636e3bfc5c456452ab772226072945c47242ad6d2f6c190,73156,vorbis,48000,1,76.19,7.681521,-16.4,3.7,-1.3,B,3,OPEN_DEVICE_LISTENING,P2,RENDER_TRUE_PEAK_SAFE,0,dynamic_voice,see_ASSET_LICENSES
assets/audio/voices/faron_op_nursery_feed.ogg,voice,False,017dfba309bc60aa909a6cb63d92462363acd4164b71b3ed2062a87428990207,56278,vorbis,48000,1,77.91,5.779104,-15.7,2.6,-1.2,B,3,OPEN_DEVICE_LISTENING,P2,RENDER_TRUE_PEAK_SAFE,0,dynamic_voice,see_ASSET_LICENSES
assets/audio/voices/faron_win.ogg,voice,False,3818a20db7898aa8465be767fa2250c78b01ff48c9608cb354a74ca3511aee3f,32863,vorbis,48000,1,83.13,3.162417,-16.0,20.3,-1.5,A,4,OPEN_DEVICE_LISTENING,P3,KEEP_PENDING_HUMAN,0,dynamic_voice,see_ASSET_LICENSES
assets/audio/voices/harper.ogg,voice,False,a97661d817caee8b9c0237dd79104ca820d78da3f5ca72b2bd473cec26dedc19,25171,vorbis,48000,1,98.58,2.042583,-16.5,0.0,-1.4,B,3,OPEN_DEVICE_LISTENING,P2,RENDER_TRUE_PEAK_SAFE,4,dynamic_voice,see_ASSET_LICENSES
assets/audio/voices/harper_win.ogg,voice,False,84e076f10965daaf5cbdc6e1e90c36652cee3dbc3a44a091fc04d0d703e449c8,16798,vorbis,48000,1,117.13,1.147292,-16.4,0.0,-1.4,B,3,OPEN_DEVICE_LISTENING,P2,RENDER_TRUE_PEAK_SAFE,0,dynamic_voice,see_ASSET_LICENSES
assets/audio/voices/huluu.ogg,voice,False,1ec2892ff260999e6a998645e09484038d5d11cd6f0bd26167702aaad7346d79,19486,vorbis,48000,1,100.72,1.54775,-16.0,0.0,-2.7,A,4,OPEN_DEVICE_LISTENING,P3,KEEP_PENDING_HUMAN,0,dynamic_voice,see_ASSET_LICENSES
assets/audio/voices/huluu_greet.ogg,voice,False,565c5c59336700cdfa4a79de603fe88eab8d1771dc91b74903d3acdbf1e609fd,27170,vorbis,48000,1,93.46,2.325583,-16.2,0.0,-1.4,B,3,OPEN_DEVICE_LISTENING,P2,RENDER_TRUE_PEAK_SAFE,0,dynamic_voice,see_ASSET_LICENSES
assets/audio/voices/huluu_hero.ogg,voice,False,32a5cec7dacdd20d9318c72bddca95caab1c3fdf5cc129df77dde7b4116b5310,42944,vorbis,48000,1,87.72,3.916583,-15.8,1.1,-1.3,B,3,OPEN_DEVICE_LISTENING,P2,RENDER_TRUE_PEAK_SAFE,0,dynamic_voice,see_ASSET_LICENSES
assets/audio/voices/huluu_intro.ogg,voice,False,ae4955ccf9f22f2cf811b9bb044dc470aaefcb7bc436df5dadd63a5cc442efb1,24134,vorbis,48000,1,97.52,1.979917,-16.2,0.0,-1.3,B,3,OPEN_DEVICE_LISTENING,P2,RENDER_TRUE_PEAK_SAFE,0,dynamic_voice,see_ASSET_LICENSES
assets/audio/voices/huluu_talk.ogg,voice,False,3e5e5d49fabf55801cf459f1bda51c8e7a3609ab76d0310c2798d4886a88aa07,20494,vorbis,48000,1,99.14,1.653729,-16.0,0.0,-2.8,A,4,OPEN_DEVICE_LISTENING,P3,KEEP_PENDING_HUMAN,0,dynamic_voice,see_ASSET_LICENSES
assets/audio/voices/huluu_thanks.ogg,voice,False,797b1d0c20ab6a5aa999df7e9948f28a70a146fc72dcdc92110086fb53b728fe,30832,vorbis,48000,1,93.8,2.629729,-16.1,0.0,-1.4,B,3,OPEN_DEVICE_LISTENING,P2,RENDER_TRUE_PEAK_SAFE,0,dynamic_voice,see_ASSET_LICENSES
assets/audio/voices/huluu_win.ogg,voice,False,0a71e6e6bd49b072661cb0e29c23375f385758008c209a0355258e51f5f9aa30,27187,vorbis,48000,1,94.11,2.311146,-16.0,0.0,-1.3,B,3,OPEN_DEVICE_LISTENING,P2,RENDER_TRUE_PEAK_SAFE,0,dynamic_voice,see_ASSET_LICENSES
assets/audio/voices/imp_op_astronaut_arrive.ogg,voice,False,df23ca46480ba179fc3f2e9decea0a85d1d1abc9a758e0be62b73a6dcdd16fca,40993,vorbis,48000,1,111.15,2.950333,-16.2,0.0,-1.3,B,3,OPEN_DEVICE_LISTENING,P2,RENDER_TRUE_PEAK_SAFE,0,dynamic_voice,see_ASSET_LICENSES
assets/audio/voices/imp_op_astronaut_bop.ogg,voice,False,1bb87472041173315cb8c327ff9d6102a01c0f8ef40849632f69550d2e22ec24,26938,vorbis,48000,1,116.2,1.854542,-16.2,0.0,-1.3,B,3,OPEN_DEVICE_LISTENING,P2,RENDER_TRUE_PEAK_SAFE,0,dynamic_voice,see_ASSET_LICENSES
assets/audio/voices/imp_op_astronaut_copy.ogg,voice,False,f87cdf7867fc53a51a25d267a1483872f06cfc7e97932981613b6630b0648ca9,30428,vorbis,48000,1,105.79,2.300917,-16.3,0.0,-1.4,B,3,OPEN_DEVICE_LISTENING,P2,RENDER_TRUE_PEAK_SAFE,0,dynamic_voice,see_ASSET_LICENSES
assets/audio/voices/imp_op_astronaut_steal.ogg,voice,False,9469fed1d913da13d6e7a05423386601abbde4a520b75d2e22de68a97ad47a28,25923,vorbis,48000,1,110.51,1.876583,-16.2,0.0,-1.3,B,3,OPEN_DEVICE_LISTENING,P2,RENDER_TRUE_PEAK_SAFE,0,dynamic_voice,see_ASSET_LICENSES
assets/audio/voices/imp_op_ballerina_arrive.ogg,voice,False,cef06304b0ba73153486e3e4739de3d65283f62078780ecc3de4523d7aeb2ced,29447,vorbis,48000,1,103.66,2.2725,-16.3,0.0,-1.3,B,3,OPEN_DEVICE_LISTENING,P2,RENDER_TRUE_PEAK_SAFE,0,dynamic_voice,see_ASSET_LICENSES
assets/audio/voices/imp_op_ballerina_bop.ogg,voice,False,95cbcfb4344c8470344ed0ce10f2c27ff705bb3ba1da00adf5e9f8e90a6ea044,30274,vorbis,48000,1,114.3,2.118833,-16.2,0.0,-1.3,B,3,OPEN_DEVICE_LISTENING,P2,RENDER_TRUE_PEAK_SAFE,0,dynamic_voice,see_ASSET_LICENSES
assets/audio/voices/imp_op_ballerina_copy.ogg,voice,False,2b3040fbae53c33c8e3d3f0a7c3ca17d61e556ab923ca0e33dd94f04e8acae72,29414,vorbis,48000,1,107.67,2.185417,-16.2,0.0,-1.4,B,3,OPEN_DEVICE_LISTENING,P2,RENDER_TRUE_PEAK_SAFE,0,dynamic_voice,see_ASSET_LICENSES
assets/audio/voices/imp_op_ballerina_steal.ogg,voice,False,7e87e960d12d425fda0a5b7d8c3a9ed8fcce89203a0e0cd133aa5f2a40e4644a,29697,vorbis,48000,1,106.14,2.238229,-16.7,0.0,-1.4,B,3,OPEN_DEVICE_LISTENING,P2,RENDER_TRUE_PEAK_SAFE,0,dynamic_voice,see_ASSET_LICENSES
assets/audio/voices/imp_op_boxer_arrive.ogg,voice,False,bd3480e7f7daf96bc0ad529d361886a770e9e93c10dd2801ec5d0b3eff60c186,28894,vorbis,48000,1,116.1,1.990917,-16.2,0.0,-1.5,A,4,OPEN_DEVICE_LISTENING,P3,KEEP_PENDING_HUMAN,0,dynamic_voice,see_ASSET_LICENSES
assets/audio/voices/imp_op_boxer_bop.ogg,voice,False,6beb5184713ff373cfe4a0cfd939dea13bd9e9d37bd0b186dd0dd9f3376429ef,26054,vorbis,48000,1,111.99,1.861229,-16.2,0.0,-1.4,B,3,OPEN_DEVICE_LISTENING,P2,RENDER_TRUE_PEAK_SAFE,0,dynamic_voice,see_ASSET_LICENSES
assets/audio/voices/imp_op_boxer_copy.ogg,voice,False,649727717672282c294284c49c80ba24b9f487d88a7f65d410f6b9049a8f4dd3,24306,vorbis,48000,1,118.41,1.642104,-16.3,0.0,-1.4,B,3,OPEN_DEVICE_LISTENING,P2,RENDER_TRUE_PEAK_SAFE,0,dynamic_voice,see_ASSET_LICENSES
assets/audio/voices/imp_op_boxer_steal.ogg,voice,False,515e7fb221907a9534cd0564eb51ee652eb0ccc06c52823169ccaab534cf1b74,33412,vorbis,48000,1,110.07,2.428396,-16.1,0.0,-1.4,B,3,OPEN_DEVICE_LISTENING,P2,RENDER_TRUE_PEAK_SAFE,0,dynamic_voice,see_ASSET_LICENSES
assets/audio/voices/imp_op_candymaker_arrive.ogg,voice,False,65447b6a987ae5e8e423ce0eb62bce1877ab7862e4c568d8477c92ad4fa5c2ad,35410,vorbis,48000,1,110.22,2.570104,-16.2,0.0,-1.4,B,3,OPEN_DEVICE_LISTENING,P2,RENDER_TRUE_PEAK_SAFE,0,dynamic_voice,see_ASSET_LICENSES
assets/audio/voices/imp_op_candymaker_bop.ogg,voice,False,c81b8673ccb395f47a2173affdb08dd6b19ca4f751ddc8c6a42feb284797524c,31240,vorbis,48000,1,113.1,2.209708,-16.4,0.0,-1.3,B,3,OPEN_DEVICE_LISTENING,P2,RENDER_TRUE_PEAK_SAFE,0,dynamic_voice,see_ASSET_LICENSES
assets/audio/voices/imp_op_candymaker_copy.ogg,voice,False,fb6dedcfcc708acae162bfe46d0788ab4eb835d963c167dbdbbc189714c8338e,29855,vorbis,48000,1,113.13,2.111125,-16.2,0.0,-1.3,B,3,OPEN_DEVICE_LISTENING,P2,RENDER_TRUE_PEAK_SAFE,0,dynamic_voice,see_ASSET_LICENSES
assets/audio/voices/imp_op_candymaker_steal.ogg,voice,False,2e414024e79c684759118a56ff9fa59abab05d4cd63c237d5d8145c6bfe0df30,34984,vorbis,48000,1,117.1,2.389958,-16.2,0.0,-1.4,B,3,OPEN_DEVICE_LISTENING,P2,RENDER_TRUE_PEAK_SAFE,0,dynamic_voice,see_ASSET_LICENSES
assets/audio/voices/imp_op_captain.ogg,voice,False,cd0d36851c5a77b4524a49bf5530c0d2c07975cc281ea16310a39dd20933069d,23882,vorbis,48000,1,119.73,1.595708,-16.0,0.0,-1.2,B,3,OPEN_DEVICE_LISTENING,P2,RENDER_TRUE_PEAK_SAFE,0,dynamic_voice,see_ASSET_LICENSES
assets/audio/voices/imp_op_chef_arrive.ogg,voice,False,8a3d3a70b8bc7e86273c0ccf938a75c5bed9e77ff1f3255d05e87b376504a619,33670,vorbis,48000,1,111.1,2.424521,-16.1,0.0,-1.5,A,4,OPEN_DEVICE_LISTENING,P3,KEEP_PENDING_HUMAN,0,dynamic_voice,see_ASSET_LICENSES
assets/audio/voices/imp_op_chef_bop.ogg,voice,False,665ff91a5a43631564a512906f5f2719c0eea4d9c58b7a1f8002f1382a420aba,25541,vorbis,48000,1,110.8,1.844042,-16.4,0.0,-1.1,B,3,OPEN_DEVICE_LISTENING,P2,RENDER_TRUE_PEAK_SAFE,0,dynamic_voice,see_ASSET_LICENSES
assets/audio/voices/imp_op_chef_copy.ogg,voice,False,1ffa0c29daf5d3c489ec64d5a8839b80532e49b77a458917f034ecda383993e2,32560,vorbis,48000,1,107.39,2.425458,-16.0,0.0,-1.3,B,3,OPEN_DEVICE_LISTENING,P2,RENDER_TRUE_PEAK_SAFE,0,dynamic_voice,see_ASSET_LICENSES
assets/audio/voices/imp_op_chef_steal.ogg,voice,False,122bb1e240de2021afe4532fe57f83d1901f91000503b14cb694e2cdbdeaacf6,30590,vorbis,48000,1,106.92,2.288771,-16.0,0.0,-1.5,A,4,OPEN_DEVICE_LISTENING,P3,KEEP_PENDING_HUMAN,0,dynamic_voice,see_ASSET_LICENSES
assets/audio/voices/imp_op_detective_arrive.ogg,voice,False,e4545ea3ae2e5d756c134511b9c31702a0548d4ab6973a03ece1c1cee2aa5bf3,31124,vorbis,48000,1,107.03,2.326458,-16.3,0.0,-1.3,B,3,OPEN_DEVICE_LISTENING,P2,RENDER_TRUE_PEAK_SAFE,0,dynamic_voice,see_ASSET_LICENSES
assets/audio/voices/imp_op_detective_bop.ogg,voice,False,fef1557f147d50f4de4ba8428a83b391cbb58f1cf0553cfe08764fb512eb6ef4,23816,vorbis,48000,1,105.12,1.812521,-16.2,0.0,-1.5,A,4,OPEN_DEVICE_LISTENING,P3,KEEP_PENDING_HUMAN,0,dynamic_voice,see_ASSET_LICENSES
assets/audio/voices/imp_op_detective_copy.ogg,voice,False,1fececac052485192a6e77d3a0044d51ac98b3f45fc93785a92ea33cf2a5ee95,36331,vorbis,48000,1,108.21,2.685854,-16.1,0.0,-1.4,B,3,OPEN_DEVICE_LISTENING,P2,RENDER_TRUE_PEAK_SAFE,0,dynamic_voice,see_ASSET_LICENSES
assets/audio/voices/imp_op_detective_steal.ogg,voice,False,63c84deaefc81be910a192837534d518bf11e0f76fefe12d3bf5ba805a6751f1,29569,vorbis,48000,1,107.83,2.19375,-16.6,0.0,-1.3,B,3,OPEN_DEVICE_LISTENING,P2,RENDER_TRUE_PEAK_SAFE,1,dynamic_voice,see_ASSET_LICENSES
assets/audio/voices/imp_op_doctor_arrive.ogg,voice,False,ea43a24425439fe6d5c1a22847fd08c7ebc229870cf600794996c1b04e4cc074,37954,vorbis,48000,1,100.6,3.018063,-16.0,20.0,-1.1,B,3,OPEN_DEVICE_LISTENING,P2,RENDER_TRUE_PEAK_SAFE,0,dynamic_voice,see_ASSET_LICENSES
assets/audio/voices/imp_op_doctor_bop.ogg,voice,False,4b73e8137f1b3772ff5a5bf99afdd8be3e995ab0397c24004c47588097067e5e,20668,vorbis,48000,1,124.94,1.323354,-16.0,0.0,-1.6,A,4,OPEN_DEVICE_LISTENING,P3,KEEP_PENDING_HUMAN,0,dynamic_voice,see_ASSET_LICENSES
assets/audio/voices/imp_op_doctor_copy.ogg,voice,False,be1b2427ffebbe891f567b19cc60872e82e0f6cf773d51d13e5a4bf89d7c5ee2,36569,vorbis,48000,1,114.79,2.548667,-16.1,0.0,-1.4,B,3,OPEN_DEVICE_LISTENING,P2,RENDER_TRUE_PEAK_SAFE,0,dynamic_voice,see_ASSET_LICENSES
assets/audio/voices/imp_op_doctor_steal.ogg,voice,False,31f9c2ea89dfb18155ac43a0b1a97ee416a33dce842b5b37b4ea996cdc3eb349,26835,vorbis,48000,1,114.64,1.872625,-16.2,0.0,-1.4,B,3,OPEN_DEVICE_LISTENING,P2,RENDER_TRUE_PEAK_SAFE,0,dynamic_voice,see_ASSET_LICENSES
assets/audio/voices/imp_op_farmer_arrive.ogg,voice,False,bd8f98077d8f28bf7e2c4df362e0ad2a679912c003256b053dc0a70b9e07af7e,38518,vorbis,48000,1,114.24,2.69725,-16.2,0.0,-1.4,B,3,OPEN_DEVICE_LISTENING,P2,RENDER_TRUE_PEAK_SAFE,0,dynamic_voice,see_ASSET_LICENSES
assets/audio/voices/imp_op_farmer_bop.ogg,voice,False,c9711353074aa80e4feb59fb73f0c64e2875ca8ace818f3b4d21670acfcfd527,21568,vorbis,48000,1,134.85,1.279542,-16.0,0.0,-2.0,A,4,OPEN_DEVICE_LISTENING,P3,KEEP_PENDING_HUMAN,0,dynamic_voice,see_ASSET_LICENSES
assets/audio/voices/imp_op_farmer_copy.ogg,voice,False,dab9276961718a999159b13410b2969edbc9a839f2b4a5ac867f1bfd25fe92c1,34690,vorbis,48000,1,114.98,2.413667,-16.2,0.0,-1.4,B,3,OPEN_DEVICE_LISTENING,P2,RENDER_TRUE_PEAK_SAFE,0,dynamic_voice,see_ASSET_LICENSES
assets/audio/voices/imp_op_farmer_steal.ogg,voice,False,2d25024713a01d315e4e1cda5439a552ca4c30b7602cb689c8e8e340663d342f,29284,vorbis,48000,1,112.13,2.089208,-16.2,0.0,-1.0,B,3,OPEN_DEVICE_LISTENING,P2,RENDER_TRUE_PEAK_SAFE,0,dynamic_voice,see_ASSET_LICENSES
assets/audio/voices/imp_op_magician_arrive.ogg,voice,False,54723a212ba24f379aef2ccabcdfb4322bb138a5d1adc692166b22918fba3649,34549,vorbis,48000,1,118.44,2.333646,-16.3,0.0,-1.4,B,3,OPEN_DEVICE_LISTENING,P2,RENDER_TRUE_PEAK_SAFE,0,dynamic_voice,see_ASSET_LICENSES
assets/audio/voices/imp_op_magician_bop.ogg,voice,False,26108866a4efb22265690f4fecbe3e16d3941632ba468357c891a9e743b22946,26618,vorbis,48000,1,121.09,1.758479,-16.1,0.0,-1.3,B,3,OPEN_DEVICE_LISTENING,P2,RENDER_TRUE_PEAK_SAFE,0,dynamic_voice,see_ASSET_LICENSES
assets/audio/voices/imp_op_magician_copy.ogg,voice,False,907da3341a57b096d9a84d126d35ca568296baaf1fcf15a8ab5b75e40ebc6c89,30450,vorbis,48000,1,119.73,2.034604,-16.1,0.0,-1.4,B,3,OPEN_DEVICE_LISTENING,P2,RENDER_TRUE_PEAK_SAFE,0,dynamic_voice,see_ASSET_LICENSES
assets/audio/voices/imp_op_magician_steal.ogg,voice,False,51ea74480bcf1156b368c36edf5d401ea506151d0ab406a14b14d2252a42595a,22257,vorbis,48000,1,126.63,1.406083,-16.0,0.0,-1.5,A,4,OPEN_DEVICE_LISTENING,P3,KEEP_PENDING_HUMAN,0,dynamic_voice,see_ASSET_LICENSES
assets/audio/voices/imp_op_nursery_arrive.ogg,voice,False,a0a9900506c6d45fe19e33abfa907a001eefaf028c58186eda5fd0b594cea480,31253,vorbis,48000,1,111.07,2.251042,-16.1,0.0,-1.4,B,3,OPEN_DEVICE_LISTENING,P2,RENDER_TRUE_PEAK_SAFE,0,dynamic_voice,see_ASSET_LICENSES
assets/audio/voices/imp_op_nursery_bop.ogg,voice,False,57d235eddfb6b59154a1f3660f165507c6639816bb3d58f598450dc5a8c4ca22,22043,vorbis,48000,1,123.88,1.423542,-16.0,0.0,-1.6,A,4,OPEN_DEVICE_LISTENING,P3,KEEP_PENDING_HUMAN,0,dynamic_voice,see_ASSET_LICENSES
assets/audio/voices/imp_op_nursery_copy.ogg,voice,False,57680d98c484ec69d13b017caf541e313958354fa2fbdb3440edf368c6fbc343,50070,vorbis,48000,1,110.03,3.640479,-15.8,1.3,-1.3,B,3,OPEN_DEVICE_LISTENING,P2,RENDER_TRUE_PEAK_SAFE,0,dynamic_voice,see_ASSET_LICENSES
assets/audio/voices/imp_op_nursery_steal.ogg,voice,False,f623d004412ca1510e1c14b6ae275b675be2897e76c9d7044b8cb01275904424,33734,vorbis,48000,1,107.71,2.505563,-16.1,0.0,-1.3,B,3,OPEN_DEVICE_LISTENING,P2,RENDER_TRUE_PEAK_SAFE,0,dynamic_voice,see_ASSET_LICENSES
assets/audio/voices/imp_op_painter_arrive.ogg,voice,False,c63cca28485ddcf845d5153ac5a16678c67fbe9db91f589a0787319d3b420f8d,38471,vorbis,48000,1,112.06,2.746333,-16.1,0.0,-1.4,B,3,OPEN_DEVICE_LISTENING,P2,RENDER_TRUE_PEAK_SAFE,0,dynamic_voice,see_ASSET_LICENSES
assets/audio/voices/imp_op_painter_bop.ogg,voice,False,62cb44e70d1a5fd955229c2c22eb52f603daaebdc7a8506ec35b96e397128634,18928,vorbis,48000,1,118.49,1.277896,-16.0,0.0,-1.5,A,4,OPEN_DEVICE_LISTENING,P3,KEEP_PENDING_HUMAN,0,dynamic_voice,see_ASSET_LICENSES
assets/audio/voices/imp_op_painter_copy.ogg,voice,False,12786fe3a4084c75b886bb7f3cc4d5f56d5a0e682f94b704e8cb317bc4b5cb20,35087,vorbis,48000,1,106.65,2.631917,-16.3,0.0,-1.3,B,3,OPEN_DEVICE_LISTENING,P2,RENDER_TRUE_PEAK_SAFE,0,dynamic_voice,see_ASSET_LICENSES
assets/audio/voices/imp_op_painter_steal.ogg,voice,False,2a91c0b78daab6aa3061f1d3e93724b9006e01419b4cac9e03870477f9b9598f,26873,vorbis,48000,1,108.64,1.978938,-16.3,0.0,-1.4,B,3,OPEN_DEVICE_LISTENING,P2,RENDER_TRUE_PEAK_SAFE,0,dynamic_voice,see_ASSET_LICENSES
assets/audio/voices/imp_op_popstar_arrive.ogg,voice,False,6909b6915bc0c7bb62be4371a57788fcc292be0783443978b4903979e809e402,29376,vorbis,48000,1,120.26,1.954229,-16.2,0.0,-1.3,B,3,OPEN_DEVICE_LISTENING,P2,RENDER_TRUE_PEAK_SAFE,0,dynamic_voice,see_ASSET_LICENSES
assets/audio/voices/imp_op_popstar_bop.ogg,voice,False,8514a7b7a0103d81a809cd952a0485f2f47d02d3758a7384aa5d34d94945fdba,25027,vorbis,48000,1,121.77,1.644167,-16.0,0.0,-1.8,A,4,OPEN_DEVICE_LISTENING,P3,KEEP_PENDING_HUMAN,0,dynamic_voice,see_ASSET_LICENSES
assets/audio/voices/imp_op_popstar_copy.ogg,voice,False,8bd68472e73549eda94d7fd09d759a7ff9639ac3e1134bbdee7819ae929e25fa,28341,vorbis,48000,1,124.88,1.815542,-16.3,0.0,-1.3,B,3,OPEN_DEVICE_LISTENING,P2,RENDER_TRUE_PEAK_SAFE,0,dynamic_voice,see_ASSET_LICENSES
assets/audio/voices/imp_op_popstar_steal.ogg,voice,False,3b8e73793aed4162cee45635e9a8f4d51369ede2b82f79261c98216d3a585408,39021,vorbis,48000,1,115.03,2.713771,-16.4,0.0,-1.3,B,3,OPEN_DEVICE_LISTENING,P2,RENDER_TRUE_PEAK_SAFE,0,dynamic_voice,see_ASSET_LICENSES
assets/audio/voices/imp_op_racer_arrive.ogg,voice,False,a0a5dea8f858ccbad1a13559e4ae1c2db3302980aceb3a988d741309af096187,32128,vorbis,48000,1,121.2,2.120688,-16.1,0.0,-1.3,B,3,OPEN_DEVICE_LISTENING,P2,RENDER_TRUE_PEAK_SAFE,0,dynamic_voice,see_ASSET_LICENSES
assets/audio/voices/imp_op_racer_bop.ogg,voice,False,3d730e001f242d6923adc696fc42bf21253b2e1d4e84ccba3820e3be8e426d7f,28996,vorbis,48000,1,113.64,2.041146,-16.3,0.0,-1.3,B,3,OPEN_DEVICE_LISTENING,P2,RENDER_TRUE_PEAK_SAFE,0,dynamic_voice,see_ASSET_LICENSES
assets/audio/voices/imp_op_racer_copy.ogg,voice,False,47aed0819bb252b1a2364049aeeb2f39bd173c98e768c6b0bb23cf9888dd9a3c,27214,vorbis,48000,1,121.38,1.793604,-16.0,0.0,-1.3,B,3,OPEN_DEVICE_LISTENING,P2,RENDER_TRUE_PEAK_SAFE,0,dynamic_voice,see_ASSET_LICENSES
assets/audio/voices/imp_op_racer_steal.ogg,voice,False,4dd66637e90001631a1554d2559d6c963546d26136b341cf05e5aaacb2a6586d,19509,vorbis,48000,1,115.59,1.350188,-16.0,0.0,-1.8,A,4,OPEN_DEVICE_LISTENING,P3,KEEP_PENDING_HUMAN,0,dynamic_voice,see_ASSET_LICENSES
assets/audio/voices/imp_op_retry.ogg,voice,False,8998e524238485bb2693be3433d2b8fbafacfc97d70a45d9a97078f842adde79,60935,vorbis,48000,1,99.72,4.88825,-15.7,2.5,-1.1,B,3,OPEN_DEVICE_LISTENING,P2,RENDER_TRUE_PEAK_SAFE,0,dynamic_voice,see_ASSET_LICENSES
assets/audio/voices/rosalina.ogg,voice,False,5c42191a6e66dfbd37f0d36c63b254f189eaee133338f375af7032e4f111e751,27297,vorbis,48000,1,83.73,2.608021,-16.4,0.0,-1.3,B,3,OPEN_DEVICE_LISTENING,P2,RENDER_TRUE_PEAK_SAFE,0,dynamic_voice,see_ASSET_LICENSES
assets/audio/voices/rosalina_greet.ogg,voice,False,a22dc5e22638f11ea10ec43f8b48c82e8477eab337bec09c03408cf04aa4b1af,51081,vorbis,48000,1,77.47,5.275146,-16.1,0.8,-1.4,B,3,OPEN_DEVICE_LISTENING,P2,RENDER_TRUE_PEAK_SAFE,0,dynamic_voice,see_ASSET_LICENSES
assets/audio/voices/rosalina_locked.ogg,voice,False,15fbecae9ec4d02c813fcbd29799edfc8a6806d981d712c6ff8b2b3380c0e2ec,39604,vorbis,48000,1,80.11,3.954729,-15.8,1.5,-1.2,B,3,OPEN_DEVICE_LISTENING,P2,RENDER_TRUE_PEAK_SAFE,0,dynamic_voice,see_ASSET_LICENSES
assets/audio/voices/rosalina_open.ogg,voice,False,927d4d46184abb6c60c64b0c40b9f93158bdb082cb53c5d61dc5f0ca81597eeb,31213,vorbis,48000,1,81.0,3.082688,-16.3,20.0,-1.4,B,3,OPEN_DEVICE_LISTENING,P2,RENDER_TRUE_PEAK_SAFE,0,dynamic_voice,see_ASSET_LICENSES
assets/audio/voices/rosalina_win.ogg,voice,False,4c91e8de5734b8c3e817eca7b54edb3561bf9462e04d10460e660946982950c9,35768,vorbis,48000,1,80.98,3.533292,-16.0,0.7,-1.4,B,3,OPEN_DEVICE_LISTENING,P2,RENDER_TRUE_PEAK_SAFE,0,dynamic_voice,see_ASSET_LICENSES
assets/audio/voices/roshan_beans.ogg,voice,False,8ffb2a5b489f525acff2281440a7b4309d17e4bae2160b1cd5852c28e32863eb,23102,vorbis,48000,1,102.43,1.804313,-16.0,0.0,-1.4,B,3,OPEN_DEVICE_LISTENING,P2,RENDER_TRUE_PEAK_SAFE,0,dynamic_voice,see_ASSET_LICENSES
assets/audio/voices/roshan_bump.ogg,voice,False,0e757746a9a62fe2092b42fd44e8f07ff35df5bd5f861c065d507b1a3cc8a4be,17182,vorbis,48000,1,113.22,1.214063,-15.9,0.0,-2.2,A,4,OPEN_DEVICE_LISTENING,P3,KEEP_PENDING_HUMAN,0,dynamic_voice,see_ASSET_LICENSES
assets/audio/voices/roshan_fail.ogg,voice,False,4f0ab6d57f731d05c3b7e5537940968fbea5ad95a68fcf6ab0341e9253c84f45,17736,vorbis,48000,1,114.87,1.235167,-16.1,0.0,-1.8,A,4,OPEN_DEVICE_LISTENING,P3,KEEP_PENDING_HUMAN,0,dynamic_voice,see_ASSET_LICENSES
assets/audio/voices/roshan_hungry.ogg,voice,False,de6ba7d0ae89c4c1a200bb315661004ebdc4cd2d1908cc3558fa17d00894bd2a,37435,vorbis,48000,1,93.39,3.20675,-15.9,20.3,-1.6,A,4,OPEN_DEVICE_LISTENING,P3,KEEP_PENDING_HUMAN,0,dynamic_voice,see_ASSET_LICENSES
assets/audio/voices/roshan_idle1.ogg,voice,False,3ad3ba2aebf51b336e66d6272fc5a171247cbd7c43ab8a1a51d49f4c8eda6f8f,14268,vorbis,48000,1,123.3,0.925771,-16.0,0.0,-1.8,A,4,OPEN_DEVICE_LISTENING,P3,KEEP_PENDING_HUMAN,0,dynamic_voice,see_ASSET_LICENSES
assets/audio/voices/roshan_idle2.ogg,voice,False,7d55d2016f0fb5b8def8e51f70e2d5eb47854834dab91e18aa87c6831d366e21,13225,vorbis,48000,1,131.31,0.805708,-16.1,0.0,-1.8,A,4,OPEN_DEVICE_LISTENING,P3,KEEP_PENDING_HUMAN,0,dynamic_voice,see_ASSET_LICENSES
assets/audio/voices/roshan_idle3.ogg,voice,False,169c65c0a303e55501d81c3d13a167d6ca1ac163098c7108260dab23cd626fde,16157,vorbis,48000,1,112.45,1.149396,-16.0,0.0,-2.1,A,4,OPEN_DEVICE_LISTENING,P3,KEEP_PENDING_HUMAN,0,dynamic_voice,see_ASSET_LICENSES
assets/audio/voices/roshan_intro1.ogg,voice,False,f8b78384737238547675add758a26d4183eea2e3d4b3ad00ed26f0b5f3d2523a,20315,vorbis,48000,1,111.75,1.454292,-16.0,0.0,-1.5,A,4,OPEN_DEVICE_LISTENING,P3,KEEP_PENDING_HUMAN,1,dynamic_voice,see_ASSET_LICENSES
assets/audio/voices/roshan_intro2.ogg,voice,False,742bb9ff1ca9a311d00954c593e7235ddf9428c04832737333060f2efd524dbe,21060,vorbis,48000,1,108.64,1.550854,-16.0,0.0,-1.7,A,4,OPEN_DEVICE_LISTENING,P3,KEEP_PENDING_HUMAN,0,dynamic_voice,see_ASSET_LICENSES
assets/audio/voices/roshan_intro3.ogg,voice,False,92fe91e7e5fad74671833d50fe003e9515149edd89721237f7793109b8eff494,26147,vorbis,48000,1,95.99,2.179042,-16.3,0.0,-1.6,A,4,OPEN_DEVICE_LISTENING,P3,KEEP_PENDING_HUMAN,0,dynamic_voice,see_ASSET_LICENSES
assets/audio/voices/roshan_intro4.ogg,voice,False,ed984e03608d1f75bd3ce48f064287c0cea6a22a5d5f1d358bc98cdc262f9e09,15426,vorbis,48000,1,118.57,1.040833,-16.0,0.0,-3.2,A,4,OPEN_DEVICE_LISTENING,P3,KEEP_PENDING_HUMAN,1,dynamic_voice,see_ASSET_LICENSES
assets/audio/voices/roshan_oops.ogg,voice,False,444db374f1841ac3e688c84f7fab18304dc2867144294e7b9ba14a8b24fe12f5,9352,vorbis,48000,1,146.76,0.509771,-15.9,0.0,-2.2,A,4,OPEN_DEVICE_LISTENING,P3,KEEP_PENDING_HUMAN,0,dynamic_voice,see_ASSET_LICENSES
assets/audio/voices/roshan_op_astronaut_boost.ogg,voice,False,5e30211cd16397df157ebfe0f212c1ef78b60a426832284cbee4d946cf643d99,19667,vorbis,48000,1,106.95,1.471083,-16.2,0.0,-1.4,B,3,OPEN_DEVICE_LISTENING,P2,RENDER_TRUE_PEAK_SAFE,0,dynamic_voice,see_ASSET_LICENSES
assets/audio/voices/roshan_op_astronaut_imps.ogg,voice,False,24cfcea7e14dc9bebb96e0c03d477fcbccbeb52e51eef444cd434026e0295714,32049,vorbis,48000,1,96.66,2.652604,-16.1,0.0,-1.2,B,3,OPEN_DEVICE_LISTENING,P2,RENDER_TRUE_PEAK_SAFE,0,dynamic_voice,see_ASSET_LICENSES
assets/audio/voices/roshan_op_astronaut_launch.ogg,voice,False,7d7e2d2c2e048b0b5e662919ba5832722678ed278428e12c675e649080e6254f,25079,vorbis,48000,1,99.19,2.022792,-16.0,0.0,-1.4,B,3,OPEN_DEVICE_LISTENING,P2,RENDER_TRUE_PEAK_SAFE,0,dynamic_voice,see_ASSET_LICENSES
assets/audio/voices/roshan_op_astronaut_patch.ogg,voice,False,86f45b3cabcb8dae2374fd09e8dc4ecd84b162710f491d9e94a97eca85ea179b,23298,vorbis,48000,1,109.15,1.707646,-16.3,0.0,-1.3,B,3,OPEN_DEVICE_LISTENING,P2,RENDER_TRUE_PEAK_SAFE,0,dynamic_voice,see_ASSET_LICENSES
assets/audio/voices/roshan_op_astronaut_pipes.ogg,voice,False,5dd64ee83d8a8e4fe73b49d5f1f47a0d717ddf3f7ec6e540a08f442ecd21b4e5,25651,vorbis,48000,1,104.35,1.9665,-16.0,0.0,-1.5,A,4,OPEN_DEVICE_LISTENING,P3,KEEP_PENDING_HUMAN,0,dynamic_voice,see_ASSET_LICENSES
assets/audio/voices/roshan_op_astronaut_rocket_chase.ogg,voice,False,23a2d3b2ed619815a0626b4ea0854e0de451a2ea0afa1ff30b32bebaf2088628,50642,vorbis,48000,1,92.95,4.358792,-15.8,1.6,-1.2,B,3,OPEN_DEVICE_LISTENING,P2,RENDER_TRUE_PEAK_SAFE,0,dynamic_voice,see_ASSET_LICENSES
assets/audio/voices/roshan_op_astronaut_valve.ogg,voice,False,9f107ce432258205c23ae1f314fbb5cedcac8457db95805867d67322a47f934f,23841,vorbis,48000,1,103.85,1.836583,-16.0,0.0,-1.5,A,4,OPEN_DEVICE_LISTENING,P3,KEEP_PENDING_HUMAN,0,dynamic_voice,see_ASSET_LICENSES
assets/audio/voices/roshan_op_astronaut_work.ogg,voice,False,385edebae9e17daa1c869644cedbfb7f2c40bd8044514ae4af7c2961100be33c,26807,vorbis,48000,1,99.72,2.150667,-16.0,0.0,-1.6,A,4,OPEN_DEVICE_LISTENING,P3,KEEP_PENDING_HUMAN,0,dynamic_voice,see_ASSET_LICENSES
assets/audio/voices/roshan_op_ballerina_duet.ogg,voice,False,2d9dddd542a7e67fccf51d0515f0a6f0c63a4263262a758db9b3aff1a3586416,22522,vorbis,48000,1,103.5,1.740833,-16.2,0.0,-1.4,B,3,OPEN_DEVICE_LISTENING,P2,RENDER_TRUE_PEAK_SAFE,0,dynamic_voice,see_ASSET_LICENSES
assets/audio/voices/roshan_op_ballerina_imps.ogg,voice,False,8a40786fb6f3133116dc621c20f3d544990d5d445fb3365cad22edbdd8c2c74f,39788,vorbis,48000,1,95.12,3.346438,-15.7,20.5,-1.3,B,3,OPEN_DEVICE_LISTENING,P2,RENDER_TRUE_PEAK_SAFE,0,dynamic_voice,see_ASSET_LICENSES
assets/audio/voices/roshan_op_ballerina_ribbon.ogg,voice,False,0fdd3af6a722cb9a0740608b3fb6470e9f4226b9084a884a28169ed650f29ab6,22233,vorbis,48000,1,106.08,1.676771,-16.0,0.0,-2.0,A,4,OPEN_DEVICE_LISTENING,P3,KEEP_PENDING_HUMAN,1,dynamic_voice,see_ASSET_LICENSES
assets/audio/voices/roshan_op_ballerina_ribbon_chase.ogg,voice,False,5309079784b9594fe6ceca8cb09ac07aa913868669ce637b54a484b6137b19a0,36262,vorbis,48000,1,97.2,2.984479,-16.1,0.0,-1.5,A,4,OPEN_DEVICE_LISTENING,P3,KEEP_PENDING_HUMAN,0,dynamic_voice,see_ASSET_LICENSES
assets/audio/voices/roshan_op_ballerina_steps.ogg,voice,False,364758832834cfee6982d1c0328dd22e00b2b706b94bf375a129096a231b6fb6,18765,vorbis,48000,1,112.9,1.329625,-16.0,0.0,-2.4,A,4,OPEN_DEVICE_LISTENING,P3,KEEP_PENDING_HUMAN,1,dynamic_voice,see_ASSET_LICENSES
assets/audio/voices/roshan_op_ballerina_twirl.ogg,voice,False,d8bbb60c06349370af2442638ca93474fffd35f975ca9b26872d45bf66275028,21746,vorbis,48000,1,108.33,1.605833,-16.0,0.0,-1.4,B,3,OPEN_DEVICE_LISTENING,P2,RENDER_TRUE_PEAK_SAFE,0,dynamic_voice,see_ASSET_LICENSES
assets/audio/voices/roshan_op_ballerina_watch.ogg,voice,False,4e54da70209dc9c72b742a98c007370850d8cdca847e1f3ae78cde0ac12899bc,25989,vorbis,48000,1,100.07,2.077583,-16.1,0.0,-1.8,A,4,OPEN_DEVICE_LISTENING,P3,KEEP_PENDING_HUMAN,1,dynamic_voice,see_ASSET_LICENSES
assets/audio/voices/roshan_op_ballerina_work.ogg,voice,False,236083c6c1dfe4dcfa0ffa94c03cd118fefbdc0f6e8c43d7fd17318f370f582c,32577,vorbis,48000,1,98.84,2.636604,-16.0,0.0,-1.5,A,4,OPEN_DEVICE_LISTENING,P3,KEEP_PENDING_HUMAN,0,dynamic_voice,see_ASSET_LICENSES
assets/audio/voices/roshan_op_boxer_bell_chase.ogg,voice,False,9e24ca22a8679fdd93176ad8339ed32be911d4d3258b0f66d28177638c40ae52,60045,vorbis,48000,1,91.4,5.255583,-16.1,1.1,-1.4,B,3,OPEN_DEVICE_LISTENING,P2,RENDER_TRUE_PEAK_SAFE,0,dynamic_voice,see_ASSET_LICENSES
assets/audio/voices/roshan_op_boxer_belt.ogg,voice,False,58ac4a1c479041772ae4886ed9c0378fa61137db4e0248512e5c11484fabe6ca,24234,vorbis,48000,1,103.83,1.867271,-16.0,0.0,-1.3,B,3,OPEN_DEVICE_LISTENING,P2,RENDER_TRUE_PEAK_SAFE,0,dynamic_voice,see_ASSET_LICENSES
assets/audio/voices/roshan_op_boxer_duck.ogg,voice,False,70a3c657ab1d5695fd03cf0b495eab09461635b7dc52be12184e1130421a27e7,26053,vorbis,48000,1,103.16,2.020313,-16.0,0.0,-1.5,A,4,OPEN_DEVICE_LISTENING,P3,KEEP_PENDING_HUMAN,0,dynamic_voice,see_ASSET_LICENSES
assets/audio/voices/roshan_op_boxer_jab.ogg,voice,False,e30fc71536acbbc316473c505f86e574c7fb69165e2e0e85f6d690c29d513ee8,27246,vorbis,48000,1,103.58,2.104417,-16.1,0.0,-1.3,B,3,OPEN_DEVICE_LISTENING,P2,RENDER_TRUE_PEAK_SAFE,0,dynamic_voice,see_ASSET_LICENSES
assets/audio/voices/roshan_op_boxer_round.ogg,voice,False,88d4b7db60c706262ef11130cdf1c42a3fd8e33b112382fbded66f913de96c17,26947,vorbis,48000,1,97.78,2.204771,-16.1,0.0,-1.4,B,3,OPEN_DEVICE_LISTENING,P2,RENDER_TRUE_PEAK_SAFE,0,dynamic_voice,see_ASSET_LICENSES
assets/audio/voices/roshan_op_boxer_spar.ogg,voice,False,bc8c36972d2d3bc433ec18b98e33ba938521b022372069d98e6c4e769951754d,26900,vorbis,48000,1,99.53,2.162083,-16.2,0.0,-1.4,B,3,OPEN_DEVICE_LISTENING,P2,RENDER_TRUE_PEAK_SAFE,0,dynamic_voice,see_ASSET_LICENSES
assets/audio/voices/roshan_op_boxer_work.ogg,voice,False,66a248bc68a4e59184ad0e8f7f2b9c63d04d9ebce6b7600c4d1b48e1fa6a654b,24054,vorbis,48000,1,102.86,1.870729,-16.0,0.0,-2.1,A,4,OPEN_DEVICE_LISTENING,P3,KEEP_PENDING_HUMAN,0,dynamic_voice,see_ASSET_LICENSES
assets/audio/voices/roshan_op_candymaker_candy_chase.ogg,voice,False,697d29fad1371dd1d62617b35190e1eb1d3362888747770d0e0bd9a325810b49,36996,vorbis,48000,1,97.24,3.043563,-16.1,20.0,-1.3,B,3,OPEN_DEVICE_LISTENING,P2,RENDER_TRUE_PEAK_SAFE,0,dynamic_voice,see_ASSET_LICENSES
assets/audio/voices/roshan_op_candymaker_imps.ogg,voice,False,0842ca69f5d2813b5141b41e0dc8474f9500d31767eca47efa205a269d3a8330,28508,vorbis,48000,1,97.96,2.328167,-16.3,0.0,-1.3,B,3,OPEN_DEVICE_LISTENING,P2,RENDER_TRUE_PEAK_SAFE,0,dynamic_voice,see_ASSET_LICENSES
assets/audio/voices/roshan_op_candymaker_parade.ogg,voice,False,c0f6a3c9278d98f34adbd0a20ee1fb6be1dfd2e25ad43d9239a50441f3676025,24962,vorbis,48000,1,102.82,1.942167,-16.2,0.0,-2.1,A,4,OPEN_DEVICE_LISTENING,P3,KEEP_PENDING_HUMAN,0,dynamic_voice,see_ASSET_LICENSES
assets/audio/voices/roshan_op_candymaker_share.ogg,voice,False,ad1c6ec39389ff088f522b7317a08300c73dc8b3d97833fd90de0b41cc4ceacc,25992,vorbis,48000,1,103.76,2.004,-16.1,0.0,-1.3,B,3,OPEN_DEVICE_LISTENING,P2,RENDER_TRUE_PEAK_SAFE,0,dynamic_voice,see_ASSET_LICENSES
assets/audio/voices/roshan_op_candymaker_sort.ogg,voice,False,f451a642e9187e2e8163527075bb248801b3762da6ed5ca106b49a750d8853c4,19282,vorbis,48000,1,109.76,1.405438,-16.1,0.0,-1.5,A,4,OPEN_DEVICE_LISTENING,P3,KEEP_PENDING_HUMAN,0,dynamic_voice,see_ASSET_LICENSES
assets/audio/voices/roshan_op_candymaker_syrup.ogg,voice,False,6d16df156246367136d0ef6611282adad04c84cd4b7678bfce151bed425bf314,21529,vorbis,48000,1,109.66,1.570542,-16.2,0.0,-1.3,B,3,OPEN_DEVICE_LISTENING,P2,RENDER_TRUE_PEAK_SAFE,0,dynamic_voice,see_ASSET_LICENSES
assets/audio/voices/roshan_op_candymaker_work.ogg,voice,False,5520d1c3d2bdda89cc117cf04559e7d57c3a9127dd11afef42381fa25629d551,31560,vorbis,48000,1,96.86,2.606771,-16.1,0.0,-1.2,B,3,OPEN_DEVICE_LISTENING,P2,RENDER_TRUE_PEAK_SAFE,0,dynamic_voice,see_ASSET_LICENSES
assets/audio/voices/roshan_op_candymaker_wrap.ogg,voice,False,3a7c0b0825147b86c1304849c15bc459df46c9dcfa6c5b06b3126b3eee6ed698,20706,vorbis,48000,1,111.82,1.481354,-16.1,0.0,-1.6,A,4,OPEN_DEVICE_LISTENING,P3,KEEP_PENDING_HUMAN,0,dynamic_voice,see_ASSET_LICENSES
assets/audio/voices/roshan_op_chef_bake.ogg,voice,False,1bf6729a02ab9aaf9535abc3ffba11893ad24b0531ee88bcb45399ebef4814b6,22055,vorbis,48000,1,104.42,1.689667,-16.1,0.0,-1.7,A,4,OPEN_DEVICE_LISTENING,P3,KEEP_PENDING_HUMAN,0,dynamic_voice,see_ASSET_LICENSES
assets/audio/voices/roshan_op_chef_cake_chase.ogg,voice,False,225ca52ab7718b2f623e99483cdf87824b2e57aabdafdd9077da855552ad72ec,40779,vorbis,48000,1,93.63,3.484375,-16.0,0.6,-1.3,B,3,OPEN_DEVICE_LISTENING,P2,RENDER_TRUE_PEAK_SAFE,0,dynamic_voice,see_ASSET_LICENSES
assets/audio/voices/roshan_op_chef_imps.ogg,voice,False,7604736596a069684ec4fbfd421a4b2cf856e31f68c61f883e485d6efbe0976f,39657,vorbis,48000,1,97.5,3.253771,-16.2,20.3,-1.3,B,3,OPEN_DEVICE_LISTENING,P2,RENDER_TRUE_PEAK_SAFE,0,dynamic_voice,see_ASSET_LICENSES
assets/audio/voices/roshan_op_chef_pipe.ogg,voice,False,4c5d7bef4ebdb8d720db1e98c2f756aca5227e34cc115631d8dbcacf0b5f0666,28296,vorbis,48000,1,100.4,2.254563,-16.3,0.0,-1.4,B,3,OPEN_DEVICE_LISTENING,P2,RENDER_TRUE_PEAK_SAFE,0,dynamic_voice,see_ASSET_LICENSES
assets/audio/voices/roshan_op_chef_pour.ogg,voice,False,43f5da5797f81b6ffaf49f4bb71712f0ca6edc9723dbd0045688a86129dec5a0,21163,vorbis,48000,1,107.89,1.569188,-16.0,0.0,-1.4,B,3,OPEN_DEVICE_LISTENING,P2,RENDER_TRUE_PEAK_SAFE,0,dynamic_voice,see_ASSET_LICENSES
assets/audio/voices/roshan_op_chef_stir.ogg,voice,False,0d21068ee7347277945ce37331cb7c5bf55419feebb3b928a0d395c9262dca40,18472,vorbis,48000,1,112.32,1.315646,-16.0,0.0,-1.5,A,4,OPEN_DEVICE_LISTENING,P3,KEEP_PENDING_HUMAN,0,dynamic_voice,see_ASSET_LICENSES
assets/audio/voices/roshan_op_chef_top.ogg,voice,False,22a58383d340e61688a72338e356b6fd187b94c286862a29f9477559934baaf6,26639,vorbis,48000,1,103.24,2.064208,-16.0,0.0,-2.4,A,4,OPEN_DEVICE_LISTENING,P3,KEEP_PENDING_HUMAN,0,dynamic_voice,see_ASSET_LICENSES
assets/audio/voices/roshan_op_chef_work.ogg,voice,False,97d4acc3444eb439d6b9b83fa19c620c75944ee4cf115eedee3856e2d397050c,32943,vorbis,48000,1,99.36,2.652458,-16.1,0.0,-1.3,B,3,OPEN_DEVICE_LISTENING,P2,RENDER_TRUE_PEAK_SAFE,0,dynamic_voice,see_ASSET_LICENSES
assets/audio/voices/roshan_op_detective_clues.ogg,voice,False,6db3461b4ae4db5ca0470d76a7cacc56e91b0331a634665414525786a8fa518d,21393,vorbis,48000,1,104.36,1.639979,-16.2,0.0,-1.5,A,4,OPEN_DEVICE_LISTENING,P3,KEEP_PENDING_HUMAN,0,dynamic_voice,see_ASSET_LICENSES
assets/audio/voices/roshan_op_detective_imps.ogg,voice,False,8ee9d644dbcb1b4a48202682f12fe53dec9c0d5d93a41795e3d9f9dcf5f9b7f4,29334,vorbis,48000,1,98.22,2.38925,-16.1,0.0,-1.5,A,4,OPEN_DEVICE_LISTENING,P3,KEEP_PENDING_HUMAN,0,dynamic_voice,see_ASSET_LICENSES
assets/audio/voices/roshan_op_detective_lens.ogg,voice,False,cf4bbbc8c95b837744cb81f77079b881a5da01141fb58a35324cdd07e2833850,51305,vorbis,48000,1,92.89,4.418292,-15.6,0.9,-1.3,B,3,OPEN_DEVICE_LISTENING,P2,RENDER_TRUE_PEAK_SAFE,0,dynamic_voice,see_ASSET_LICENSES
assets/audio/voices/roshan_op_detective_match.ogg,voice,False,f9c3f588fc73f358de6ba5fe089ca1d62e63c5e93d1f289d7f692ba5cd97e051,22664,vorbis,48000,1,112.37,1.613583,-16.1,0.0,-1.3,B,3,OPEN_DEVICE_LISTENING,P2,RENDER_TRUE_PEAK_SAFE,1,dynamic_voice,see_ASSET_LICENSES
assets/audio/voices/roshan_op_detective_name.ogg,voice,False,91d2e2cce61a2f247061c6475d7b6988ab52a92d755bf85b580d0b5ced25a2d7,24859,vorbis,48000,1,103.96,1.912896,-16.0,0.0,-1.4,B,3,OPEN_DEVICE_LISTENING,P2,RENDER_TRUE_PEAK_SAFE,1,dynamic_voice,see_ASSET_LICENSES
assets/audio/voices/roshan_op_detective_peek.ogg,voice,False,7b6e7d3aa1c7856bc059255075c702b0f18641ad8937e6fae099c1f6a5809c72,27650,vorbis,48000,1,103.32,2.140875,-16.0,0.0,-1.6,A,4,OPEN_DEVICE_LISTENING,P3,KEEP_PENDING_HUMAN,1,dynamic_voice,see_ASSET_LICENSES
assets/audio/voices/roshan_op_detective_search.ogg,voice,False,8142986a99c42c16342010edbbd8a30f6cc213357ea5943fbca4b95cd0b9b381,52086,vorbis,48000,1,91.26,4.565875,-16.3,0.7,-1.4,B,3,OPEN_DEVICE_LISTENING,P2,RENDER_TRUE_PEAK_SAFE,1,dynamic_voice,see_ASSET_LICENSES
assets/audio/voices/roshan_op_detective_tiara_chase.ogg,voice,False,6b9dc42ea0ae86600d4a5e87288f867004b33f320c7c7202f61622d69934df8d,40027,vorbis,48000,1,91.65,3.493854,-15.9,0.8,-1.2,B,3,OPEN_DEVICE_LISTENING,P2,RENDER_TRUE_PEAK_SAFE,0,dynamic_voice,see_ASSET_LICENSES
assets/audio/voices/roshan_op_detective_trail.ogg,voice,False,2b35425f669c516f609bdfa4ae30df33f6028a71dc68f5291d09bec859783523,19607,vorbis,48000,1,108.37,1.447375,-16.0,0.0,-1.8,A,4,OPEN_DEVICE_LISTENING,P3,KEEP_PENDING_HUMAN,0,dynamic_voice,see_ASSET_LICENSES
assets/audio/voices/roshan_op_detective_work.ogg,voice,False,4bdae2acac6acacd17a3b6d6058d86c3b2d50ca8730913dc017bcfde643a566f,32141,vorbis,48000,1,101.26,2.53925,-16.3,0.0,-1.4,B,3,OPEN_DEVICE_LISTENING,P2,RENDER_TRUE_PEAK_SAFE,1,dynamic_voice,see_ASSET_LICENSES
assets/audio/voices/roshan_op_doctor_bandage.ogg,voice,False,336c5b9855fba819a7ec226c76046f95e3e9b230cfbfe61b1add6cf35cc7da34,23790,vorbis,48000,1,105.5,1.804063,-16.1,0.0,-1.5,A,4,OPEN_DEVICE_LISTENING,P3,KEEP_PENDING_HUMAN,0,dynamic_voice,see_ASSET_LICENSES
assets/audio/voices/roshan_op_doctor_cast.ogg,voice,False,07a0a41eb69f706646fb8c76ce052f64fca81ac45649cba63a71f734fb52b3b4,24256,vorbis,48000,1,104.2,1.862333,-16.0,0.0,-2.3,A,4,OPEN_DEVICE_LISTENING,P3,KEEP_PENDING_HUMAN,0,dynamic_voice,see_ASSET_LICENSES
assets/audio/voices/roshan_op_doctor_find.ogg,voice,False,84dcd105df22b83a1a8ec96630846722553b0a16588f8bfa466688c576aae4fc,23752,vorbis,48000,1,105.3,1.804583,-16.1,0.0,-1.3,B,3,OPEN_DEVICE_LISTENING,P2,RENDER_TRUE_PEAK_SAFE,0,dynamic_voice,see_ASSET_LICENSES
assets/audio/voices/roshan_op_doctor_imps.ogg,voice,False,7afaddbe1038f8b18597fc3a18277844578271aa33c1b446f1dcfc9a05bf37f3,28717,vorbis,48000,1,98.71,2.327333,-16.2,0.0,-1.4,B,3,OPEN_DEVICE_LISTENING,P2,RENDER_TRUE_PEAK_SAFE,0,dynamic_voice,see_ASSET_LICENSES
assets/audio/voices/roshan_op_doctor_plushy_chase.ogg,voice,False,c6305fc00aba8685531971aec8014670152d400cd53235008b336a336d24b06b,44343,vorbis,48000,1,93.68,3.786688,-15.9,0.6,-1.3,B,3,OPEN_DEVICE_LISTENING,P2,RENDER_TRUE_PEAK_SAFE,0,dynamic_voice,see_ASSET_LICENSES
assets/audio/voices/roshan_op_doctor_wash.ogg,voice,False,0f3d896ea29e18b7b7a91bb6dc890bb5ad29fb8cce2cd1ea0e83a0ee243df239,24277,vorbis,48000,1,101.79,1.907917,-16.0,0.0,-1.5,A,4,OPEN_DEVICE_LISTENING,P3,KEEP_PENDING_HUMAN,0,dynamic_voice,see_ASSET_LICENSES
assets/audio/voices/roshan_op_doctor_work.ogg,voice,False,72b3c00e2d4ba96786fb590732ad215ed5a96afa6ee973f2792bfea3d47c98c5,27649,vorbis,48000,1,101.95,2.169625,-16.0,0.0,-2.2,A,4,OPEN_DEVICE_LISTENING,P3,KEEP_PENDING_HUMAN,0,dynamic_voice,see_ASSET_LICENSES
assets/audio/voices/roshan_op_doctor_x_ray.ogg,voice,False,214a2b784a307c6265545c1b8bdab67d09a0db42c970f22370fabfd4cb169571,19943,vorbis,48000,1,111.05,1.436729,-16.0,0.0,-1.8,A,4,OPEN_DEVICE_LISTENING,P3,KEEP_PENDING_HUMAN,0,dynamic_voice,see_ASSET_LICENSES
assets/audio/voices/roshan_op_farmer_feed.ogg,voice,False,dcc2df0361d9dd5d229ae9d0e0b15a86f522fedd041480fe9e9e3dcb66768cb6,22629,vorbis,48000,1,104.49,1.7325,-16.0,0.0,-1.6,A,4,OPEN_DEVICE_LISTENING,P3,KEEP_PENDING_HUMAN,0,dynamic_voice,see_ASSET_LICENSES
assets/audio/voices/roshan_op_farmer_herd.ogg,voice,False,de929e45c24009a09601a1bf521b949b5709452b09e6825faa0c67de88a489eb,30026,vorbis,48000,1,98.25,2.444833,-16.1,0.0,-1.7,A,4,OPEN_DEVICE_LISTENING,P3,KEEP_PENDING_HUMAN,0,dynamic_voice,see_ASSET_LICENSES
assets/audio/voices/roshan_op_farmer_imps.ogg,voice,False,a4e02efd4f13afd94d8efad0050eda2eb92f165f6b3a6627edc9395095e78aee,27465,vorbis,48000,1,99.17,2.215479,-16.3,0.0,-1.4,B,3,OPEN_DEVICE_LISTENING,P2,RENDER_TRUE_PEAK_SAFE,0,dynamic_voice,see_ASSET_LICENSES
assets/audio/voices/roshan_op_farmer_mud_hop.ogg,voice,False,142ec080ac7e2b5f31eb3082def8c065ad4f4f99ed88ee92a43adc82538bd50b,29028,vorbis,48000,1,97.36,2.385208,-16.3,0.0,-1.1,B,3,OPEN_DEVICE_LISTENING,P2,RENDER_TRUE_PEAK_SAFE,0,dynamic_voice,see_ASSET_LICENSES
assets/audio/voices/roshan_op_farmer_picnic.ogg,voice,False,9ef9d14b2362a5628c747d9a89c7f7815bf9e51da90780c8b3b8e3dbe7a28651,22777,vorbis,48000,1,103.01,1.768938,-16.0,0.0,-1.9,A,4,OPEN_DEVICE_LISTENING,P3,KEEP_PENDING_HUMAN,0,dynamic_voice,see_ASSET_LICENSES
assets/audio/voices/roshan_op_farmer_piggy_chase.ogg,voice,False,bb728be6470d40a4ca18b339433ba7aec2e1e675d3a373eab9aa91fe35cec6b6,34072,vorbis,48000,1,99.87,2.729208,-16.2,0.0,-1.1,B,3,OPEN_DEVICE_LISTENING,P2,RENDER_TRUE_PEAK_SAFE,0,dynamic_voice,see_ASSET_LICENSES
assets/audio/voices/roshan_op_farmer_plant.ogg,voice,False,b02c9a10afa95a7dc612f69d865bc051fb58b72d143406a34832107ec075d750,28723,vorbis,48000,1,97.72,2.351521,-16.1,0.0,-1.5,A,4,OPEN_DEVICE_LISTENING,P3,KEEP_PENDING_HUMAN,0,dynamic_voice,see_ASSET_LICENSES
assets/audio/voices/roshan_op_farmer_work.ogg,voice,False,b25622e004306e3fa34f8ec9de77a8e4f6b88f4c6d7283fd6d6ded4494e75276,23271,vorbis,48000,1,100.71,1.848604,-16.0,0.0,-1.6,A,4,OPEN_DEVICE_LISTENING,P3,KEEP_PENDING_HUMAN,0,dynamic_voice,see_ASSET_LICENSES
assets/audio/voices/roshan_op_magician_bunny_chase.ogg,voice,False,26edfe3b3df7cc5a548632e125e96ff7b43414405644741327a073512fd3ccb9,39808,vorbis,48000,1,97.76,3.257542,-16.1,20.2,-1.3,B,3,OPEN_DEVICE_LISTENING,P2,RENDER_TRUE_PEAK_SAFE,0,dynamic_voice,see_ASSET_LICENSES
assets/audio/voices/roshan_op_magician_cabinet.ogg,voice,False,58b439ff7b889879a688670e2751d68743a8fe0c3c5c9e6b58d7465888cc2b58,29466,vorbis,48000,1,106.14,2.220854,-16.0,0.0,-1.4,B,3,OPEN_DEVICE_LISTENING,P2,RENDER_TRUE_PEAK_SAFE,0,dynamic_voice,see_ASSET_LICENSES
assets/audio/voices/roshan_op_magician_imps.ogg,voice,False,4d4dd832681de8b376e09274e216fcf5bef63536c4a84beec69e9e0c77a5443b,30738,vorbis,48000,1,98.68,2.491813,-16.2,0.0,-1.3,B,3,OPEN_DEVICE_LISTENING,P2,RENDER_TRUE_PEAK_SAFE,0,dynamic_voice,see_ASSET_LICENSES
assets/audio/voices/roshan_op_magician_portal.ogg,voice,False,43645ed06b8c1cd2ed3830a689de8d59769ad1c1d74700331842e27ebe6832fe,31823,vorbis,48000,1,101.5,2.508167,-16.0,0.0,-1.7,A,4,OPEN_DEVICE_LISTENING,P3,KEEP_PENDING_HUMAN,0,dynamic_voice,see_ASSET_LICENSES
assets/audio/voices/roshan_op_magician_rope.ogg,voice,False,3e8fdf4f14e411ee9b3a866446df2b7893fbad3b3347a3f4c6e6d2eeeb34aaa5,29691,vorbis,48000,1,100.79,2.356563,-16.4,0.0,-1.7,A,4,OPEN_DEVICE_LISTENING,P3,KEEP_PENDING_HUMAN,0,dynamic_voice,see_ASSET_LICENSES
assets/audio/voices/roshan_op_magician_track.ogg,voice,False,d414d653300d150af4f6844b8c675de0617ddf6ac43c56371549e4c20162d6d2,24031,vorbis,48000,1,105.25,1.826521,-16.0,0.0,-1.5,A,4,OPEN_DEVICE_LISTENING,P3,KEEP_PENDING_HUMAN,0,dynamic_voice,see_ASSET_LICENSES
assets/audio/voices/roshan_op_magician_vanish.ogg,voice,False,c6b4d8cddbab0011071bdf4a56743627b970a2f128cd9ef3182a379c6dda7b43,25379,vorbis,48000,1,105.74,1.920083,-16.0,0.0,-1.7,A,4,OPEN_DEVICE_LISTENING,P3,KEEP_PENDING_HUMAN,0,dynamic_voice,see_ASSET_LICENSES
assets/audio/voices/roshan_op_magician_work.ogg,voice,False,286909c717158225d1e97fce9c928cb7290e97ea982fe9a8eefe727a96eb4c9a,21268,vorbis,48000,1,106.07,1.604,-16.0,0.0,-2.0,A,4,OPEN_DEVICE_LISTENING,P3,KEEP_PENDING_HUMAN,0,dynamic_voice,see_ASSET_LICENSES
assets/audio/voices/roshan_op_nursery_baby_chase.ogg,voice,False,7aa48e227689d22da6a4faa94919bcc92406a403aea3d1438d4fc05ee5cac6cf,50445,vorbis,48000,1,93.58,4.312375,-16.2,0.4,-1.2,B,3,OPEN_DEVICE_LISTENING,P2,RENDER_TRUE_PEAK_SAFE,0,dynamic_voice,see_ASSET_LICENSES
assets/audio/voices/roshan_op_nursery_burp.ogg,voice,False,4102be3c4e9600ff2150a112cdbf1b87a109696a2f68094df29ea24ee819421b,25058,vorbis,48000,1,100.94,1.985979,-16.0,0.0,-1.4,B,3,OPEN_DEVICE_LISTENING,P2,RENDER_TRUE_PEAK_SAFE,0,dynamic_voice,see_ASSET_LICENSES
assets/audio/voices/roshan_op_nursery_imps.ogg,voice,False,cb4dec69ced2ffb6af3bf22727549a5583d5ec203887122363f776ed35284844,37356,vorbis,48000,1,95.06,3.143771,-16.3,20.2,-1.6,A,4,OPEN_DEVICE_LISTENING,P3,KEEP_PENDING_HUMAN,0,dynamic_voice,see_ASSET_LICENSES
assets/audio/voices/roshan_op_nursery_wash.ogg,voice,False,ef746ea2c97001dcb1a627164fda3724f21acd5615f8c94f49ce2b44cbc5ba98,46229,vorbis,48000,1,89.43,4.1355,-16.2,0.9,-1.3,B,3,OPEN_DEVICE_LISTENING,P2,RENDER_TRUE_PEAK_SAFE,0,dynamic_voice,see_ASSET_LICENSES
assets/audio/voices/roshan_op_nursery_work.ogg,voice,False,243881068c98128809cbde358267d3f2bdc9e96dbc626c8c81bda9e567112b3c,39990,vorbis,48000,1,95.71,3.342646,-16.2,20.3,-1.4,B,3,OPEN_DEVICE_LISTENING,P2,RENDER_TRUE_PEAK_SAFE,0,dynamic_voice,see_ASSET_LICENSES
assets/audio/voices/roshan_op_painter_fill.ogg,voice,False,27ff29187b43f5dbfe97fb6b667d4fedbf3e9ddfb6a99783a07a56033a90fc3c,19230,vorbis,48000,1,110.52,1.391958,-16.0,0.0,-1.6,A,4,OPEN_DEVICE_LISTENING,P3,KEEP_PENDING_HUMAN,0,dynamic_voice,see_ASSET_LICENSES
assets/audio/voices/roshan_op_painter_imps.ogg,voice,False,87681b90650db3b881be3e3295a7d85480d08b233c514b75ea3cbdfd38f82763,27385,vorbis,48000,1,98.19,2.231125,-16.3,0.0,-1.2,B,3,OPEN_DEVICE_LISTENING,P2,RENDER_TRUE_PEAK_SAFE,0,dynamic_voice,see_ASSET_LICENSES
assets/audio/voices/roshan_op_painter_reveal.ogg,voice,False,88f90c5d7b6e4401fb10fcfdae4f94e7ad7ce7cccc5ade9d4a25b043267140c4,26097,vorbis,48000,1,101.05,2.065979,-16.1,0.0,-1.1,B,3,OPEN_DEVICE_LISTENING,P2,RENDER_TRUE_PEAK_SAFE,0,dynamic_voice,see_ASSET_LICENSES
assets/audio/voices/roshan_op_painter_sketch.ogg,voice,False,3e0afd3b5073f94a8a38b58451765f27f761aa883646c8cb4967cd52640ab83e,18658,vorbis,48000,1,112.32,1.328875,-15.9,0.0,-1.9,A,4,OPEN_DEVICE_LISTENING,P3,KEEP_PENDING_HUMAN,0,dynamic_voice,see_ASSET_LICENSES
assets/audio/voices/roshan_op_painter_splat.ogg,voice,False,c9a6ffbde18f2cb8fca23d100bc93e8a763738a62ee472787c15e148985f7c8d,19187,vorbis,48000,1,107.53,1.427438,-16.0,0.0,-2.3,A,4,OPEN_DEVICE_LISTENING,P3,KEEP_PENDING_HUMAN,0,dynamic_voice,see_ASSET_LICENSES
assets/audio/voices/roshan_op_painter_strokes.ogg,voice,False,24e2150a8ad70739b6f4979973a767710d0142404d0228fa906da6ff199598f0,20970,vorbis,48000,1,105.74,1.586479,-16.0,0.0,-2.2,A,4,OPEN_DEVICE_LISTENING,P3,KEEP_PENDING_HUMAN,0,dynamic_voice,see_ASSET_LICENSES
assets/audio/voices/roshan_op_painter_sunrise_chase.ogg,voice,False,3ef0541f2e4c5df59cf269b33a1da8e678de0f33933ae58201b9ee5e9c6fa9b5,37362,vorbis,48000,1,94.66,3.157646,-16.0,20.1,-1.3,B,3,OPEN_DEVICE_LISTENING,P2,RENDER_TRUE_PEAK_SAFE,0,dynamic_voice,see_ASSET_LICENSES
assets/audio/voices/roshan_op_painter_work.ogg,voice,False,fa01c65f704c97c374c06dbe24f3e288272316d3f15c294f75c52d3ac25c193c,31850,vorbis,48000,1,94.96,2.683271,-16.0,0.0,-1.3,B,3,OPEN_DEVICE_LISTENING,P2,RENDER_TRUE_PEAK_SAFE,0,dynamic_voice,see_ASSET_LICENSES
assets/audio/voices/roshan_op_popstar_dance.ogg,voice,False,0ce4035500e71dd0f54ed1c1940dda6aeb25fbb77f43e3d368793cff440367d6,18724,vorbis,48000,1,108.63,1.378896,-16.0,0.0,-3.2,A,4,OPEN_DEVICE_LISTENING,P3,KEEP_PENDING_HUMAN,0,dynamic_voice,see_ASSET_LICENSES
assets/audio/voices/roshan_op_popstar_encore.ogg,voice,False,1f97088dc60b29c6e4187bfb507ebc6c54746680b855158dece7f408209df802,23508,vorbis,48000,1,105.0,1.791021,-16.0,0.0,-1.9,A,4,OPEN_DEVICE_LISTENING,P3,KEEP_PENDING_HUMAN,0,dynamic_voice,see_ASSET_LICENSES
assets/audio/voices/roshan_op_popstar_imps.ogg,voice,False,0b28d96e8f258b295026dd858a5238df97f03e4c1b8ffa571a6ffb085f7b0560,29162,vorbis,48000,1,97.0,2.405208,-16.3,0.0,-1.3,B,3,OPEN_DEVICE_LISTENING,P2,RENDER_TRUE_PEAK_SAFE,0,dynamic_voice,see_ASSET_LICENSES
assets/audio/voices/roshan_op_popstar_mic_chase.ogg,voice,False,b4f7fd1d7b8b0d69f8e2474e763436e5c17950de293dbdbece75a9775c930fee,42293,vorbis,48000,1,94.22,3.591083,-16.3,0.5,-2.4,A,4,OPEN_DEVICE_LISTENING,P3,KEEP_PENDING_HUMAN,0,dynamic_voice,see_ASSET_LICENSES
assets/audio/voices/roshan_op_popstar_rhythm.ogg,voice,False,b8566e49b135e6271e09f6c969af6d8362a8f6582c9c28d93b991741d562b5eb,24042,vorbis,48000,1,105.99,1.814583,-16.1,0.0,-1.6,A,4,OPEN_DEVICE_LISTENING,P3,KEEP_PENDING_HUMAN,2,dynamic_voice,see_ASSET_LICENSES
assets/audio/voices/roshan_op_popstar_sound_check.ogg,voice,False,19cf4e22f700ff822c12004a294d1301c61566fdef2ffdfbd41db28a71a7419e,21363,vorbis,48000,1,101.31,1.687,-16.1,0.0,-1.3,B,3,OPEN_DEVICE_LISTENING,P2,RENDER_TRUE_PEAK_SAFE,0,dynamic_voice,see_ASSET_LICENSES
assets/audio/voices/roshan_op_popstar_work.ogg,voice,False,fd2f131db4912f46dbf8b29ba92927e80949562368805a9c806f65bdc104f781,31153,vorbis,48000,1,96.19,2.590979,-16.4,0.0,-1.3,B,3,OPEN_DEVICE_LISTENING,P2,RENDER_TRUE_PEAK_SAFE,0,dynamic_voice,see_ASSET_LICENSES
assets/audio/voices/roshan_op_racer_finish.ogg,voice,False,3dd89438d6da124306db858dfaefa00101e5a42a39ae0df5a28d8c97d96adda7,23942,vorbis,48000,1,100.67,1.902688,-16.1,0.0,-1.6,A,4,OPEN_DEVICE_LISTENING,P3,KEEP_PENDING_HUMAN,0,dynamic_voice,see_ASSET_LICENSES
assets/audio/voices/roshan_op_racer_imps.ogg,voice,False,841e092ad322cc868f9e7dc817c7e9c48dc858062883d72a2ed2fe5c406f9212,31382,vorbis,48000,1,96.81,2.593354,-16.1,0.0,-1.5,A,4,OPEN_DEVICE_LISTENING,P3,KEEP_PENDING_HUMAN,0,dynamic_voice,see_ASSET_LICENSES
assets/audio/voices/roshan_op_racer_lap_two.ogg,voice,False,f9bc86521e87f9881490b079c8341c7db3a45b3642a4458465245cd2cb6d39ae,28215,vorbis,48000,1,102.51,2.201896,-16.3,0.0,-1.4,B,3,OPEN_DEVICE_LISTENING,P2,RENDER_TRUE_PEAK_SAFE,1,dynamic_voice,see_ASSET_LICENSES
assets/audio/voices/roshan_op_racer_steer.ogg,voice,False,b3992e71e044be890da3413ce1eb1f3270f1ee97700b6efcad17a564ef765b1b,24016,vorbis,48000,1,103.62,1.854125,-16.0,0.0,-1.4,B,3,OPEN_DEVICE_LISTENING,P2,RENDER_TRUE_PEAK_SAFE,0,dynamic_voice,see_ASSET_LICENSES
assets/audio/voices/roshan_op_racer_to_the_line.ogg,voice,False,5010ea08bdf6c738f917576114d9e3d103986977acc5355a12691b6f5fe4ce82,29007,vorbis,48000,1,98.38,2.35875,-16.2,0.0,-2.9,A,4,OPEN_DEVICE_LISTENING,P1,REVIEW_NEW_EXACT_VOICE,0,dynamic_voice,see_ASSET_LICENSES
assets/audio/voices/roshan_op_racer_trophy_chase.ogg,voice,False,85161ecc10b752153c211647550c56e4f26810c7baf8ff7fb40b840dadea3717,35828,vorbis,48000,1,95.95,2.987063,-16.0,0.0,-1.2,B,3,OPEN_DEVICE_LISTENING,P2,RENDER_TRUE_PEAK_SAFE,0,dynamic_voice,see_ASSET_LICENSES
assets/audio/voices/roshan_op_racer_tune_up.ogg,voice,False,61bba130c0c6e4b4c4cdc13257ec1be6adb277d8136ab410bc3475d987115894,42986,vorbis,48000,1,93.84,3.664396,-16.1,1.4,-2.8,A,4,OPEN_DEVICE_LISTENING,P1,REVIEW_NEW_EXACT_VOICE,1,dynamic_voice,see_ASSET_LICENSES
assets/audio/voices/roshan_op_racer_turbo.ogg,voice,False,7df45e572de8aa17da0915ddc083a971e2bb2a497d8cee6b7d84f896bbc338b3,23137,vorbis,48000,1,103.99,1.779938,-16.0,0.0,-1.3,B,3,OPEN_DEVICE_LISTENING,P2,RENDER_TRUE_PEAK_SAFE,0,dynamic_voice,see_ASSET_LICENSES
assets/audio/voices/roshan_op_racer_work.ogg,voice,False,7c228bd8b095af7973996b1d716efa14787a73fddc046b83823082c999f0ca51,20961,vorbis,48000,1,103.61,1.618375,-16.1,0.0,-1.4,B,3,OPEN_DEVICE_LISTENING,P2,RENDER_TRUE_PEAK_SAFE,0,dynamic_voice,see_ASSET_LICENSES
assets/audio/voices/roshan_pearl.ogg,voice,False,01ef880118eaa5cf2cc19afcde4a9d6bc83fca4c1c0d2d118f1cda356616e497,13663,vorbis,48000,1,121.35,0.90075,-16.0,0.0,-1.8,A,4,OPEN_DEVICE_LISTENING,P3,KEEP_PENDING_HUMAN,0,dynamic_voice,see_ASSET_LICENSES
assets/audio/voices/roshan_pearl2.ogg,voice,False,84e4508d7fcc8d5e6b8e26f7b842648b17e02517b18bf1abdb7e7a924807214f,12393,vorbis,48000,1,126.79,0.781958,-16.0,0.0,-1.9,A,4,OPEN_DEVICE_LISTENING,P3,KEEP_PENDING_HUMAN,0,dynamic_voice,see_ASSET_LICENSES
assets/audio/voices/roshan_pearl3.ogg,voice,False,c30238bb18ef369d10da5dd8418a27227eb083080b3a3193711d3e6c1a3e28bd,9891,vorbis,48000,1,152.2,0.519896,-15.9,0.0,-4.1,A,4,OPEN_DEVICE_LISTENING,P3,KEEP_PENDING_HUMAN,0,dynamic_voice,see_ASSET_LICENSES
assets/audio/voices/roshan_ship.ogg,voice,False,21f3e726cd20e21054d551f6209ad855287297ac84bff7fdfa2732487ba33eee,14843,vorbis,48000,1,117.31,1.012188,-16.0,0.0,-1.8,A,4,OPEN_DEVICE_LISTENING,P3,KEEP_PENDING_HUMAN,0,dynamic_voice,see_ASSET_LICENSES
assets/audio/voices/roshan_talk.ogg,voice,False,2528761a81d1da8e1efe050523b3d88fba94d45755d3447b94027ba4df08cb9a,15403,vorbis,48000,1,117.61,1.047688,-16.1,0.0,-1.7,A,4,OPEN_DEVICE_LISTENING,P3,KEEP_PENDING_HUMAN,2,dynamic_voice,see_ASSET_LICENSES
assets/audio/voices/roshan_whale.ogg,voice,False,9769455e17a4e27539ba5040af7aecafa8047130250591a30df202d9b0ac75d6,18146,vorbis,48000,1,114.93,1.263125,-16.0,0.0,-2.3,A,4,OPEN_DEVICE_LISTENING,P3,KEEP_PENDING_HUMAN,0,dynamic_voice,see_ASSET_LICENSES
assets/audio/voices/roshan_win.ogg,voice,False,bcab88a2e534ff81988cccc659c89e9a324585f5146a50b5765ba52cd431aad7,13381,vorbis,48000,1,127.31,0.840813,-16.2,0.0,-1.3,B,3,OPEN_DEVICE_LISTENING,P2,RENDER_TRUE_PEAK_SAFE,0,dynamic_voice,see_ASSET_LICENSES
assets/audio/voices/roshan_wreck.ogg,voice,False,2788a257ea0f38999d36cb5e77b266bf10d9e986c5a755d4be184fe15941f554,19574,vorbis,48000,1,106.66,1.468188,-16.1,0.0,-1.4,B,3,OPEN_DEVICE_LISTENING,P2,RENDER_TRUE_PEAK_SAFE,0,dynamic_voice,see_ASSET_LICENSES
assets/audio/voices/shop.ogg,voice,False,083d36b63f42a3a496fd514fededc665c2630d090d0b2494434414c4c0bf89dd,25101,vorbis,48000,1,81.43,2.466125,-16.0,0.0,-1.4,B,3,OPEN_DEVICE_LISTENING,P2,RENDER_TRUE_PEAK_SAFE,0,dynamic_voice,see_ASSET_LICENSES
assets/audio/voices/sparkle.ogg,voice,False,ace2156bea69056e3728677b8faa131206a70dbe4b475f22f233e17e5bd8af10,16988,vorbis,48000,1,121.65,1.117188,-16.0,0.0,-1.4,B,3,OPEN_DEVICE_LISTENING,P2,RENDER_TRUE_PEAK_SAFE,0,dynamic_voice,see_ASSET_LICENSES
assets/audio/voices/wacky.ogg,voice,False,f6df48298143746b93e84c7bb1a307633e54b7c9ad11b6fce51998e1f40caf36,25081,vorbis,48000,1,87.63,2.289646,-16.5,0.0,-1.3,B,3,OPEN_DEVICE_LISTENING,P2,RENDER_TRUE_PEAK_SAFE,0,dynamic_voice,see_ASSET_LICENSES
assets/audio/voices/wacky_fail.ogg,voice,False,a464f7a86adea8b04a42fcfe59967e5a1b97ec3c86ae66ee94056b771eea07b7,29505,vorbis,48000,1,82.8,2.850833,-16.1,0.0,-1.4,B,3,OPEN_DEVICE_LISTENING,P2,RENDER_TRUE_PEAK_SAFE,0,dynamic_voice,see_ASSET_LICENSES
assets/audio/voices/wacky_splash.ogg,voice,False,fe7dccffa18c23871060b76d838303cae164da49af11c6b11a01346b472b7efd,44159,vorbis,48000,1,78.63,4.493021,-16.4,1.0,-1.4,B,3,OPEN_DEVICE_LISTENING,P2,RENDER_TRUE_PEAK_SAFE,0,dynamic_voice,see_ASSET_LICENSES
assets/audio/voices/wacky_win.ogg,voice,False,6ca55dfb6e958657c0ff5058e60edd654f8b257ae6113b48a82a6be2c079fb53,29096,vorbis,48000,1,81.02,2.872958,-16.4,0.0,-1.1,B,3,OPEN_DEVICE_LISTENING,P2,RENDER_TRUE_PEAK_SAFE,0,dynamic_voice,see_ASSET_LICENSES
