path,role,sha256,width,height,frame_grid,used_at_runtime
assets_src/sky_lagoon/ambient_animals_2026-07-29/raw/frog_idle_chroma.png,generated_chroma_source,e218bd1eeed74d65dd3543926f28fc7c1659e19bda8765e58beda5af25ee32ac,1254,1254,2x2,false
assets_src/sky_lagoon/ambient_animals_2026-07-29/raw/frog_startle_chroma.png,generated_chroma_source,d07fd38b0f7a217f28e2c2a710783b639ad535995c2acfd17be4f16f815c5c28,1254,1254,2x2,false
assets_src/sky_lagoon/ambient_animals_2026-07-29/raw/hare_idle_chroma.png,generated_chroma_source,dbcb9cd320b1abe8162bb923179f97cea895bb5a468788a2814d87ec770c6009,1254,1254,2x2,false
assets_src/sky_lagoon/ambient_animals_2026-07-29/raw/hare_startle_chroma.png,generated_chroma_source,9873aba766772ca09f12d0c3afbd310f994d8b3713b748e114796f32275bbe49,1254,1254,2x2,false
assets_src/sky_lagoon/ambient_animals_2026-07-29/raw/otter_idle_chroma.png,generated_chroma_source,f4bb10b4ac8022b3f40dd0864c32dc1a6a55b3a958d8e512f3f15f70c9663e2f,1254,1254,2x2,false
assets_src/sky_lagoon/ambient_animals_2026-07-29/raw/otter_startle_chroma.png,generated_chroma_source,52684645e10b4b1febfb48ad0bce5b4fe9ea5883f19484eb64cb86bc7de2acd4,1254,1254,2x2,false
assets_src/sky_lagoon/ambient_animals_2026-07-29/raw/raccoon_idle_chroma.png,generated_chroma_source,92d39bf9745ab7228da885a587cb971278fdcce7afb9d2fbf3160782949a06d6,1254,1254,2x2,false
assets_src/sky_lagoon/ambient_animals_2026-07-29/raw/raccoon_startle_chroma.png,generated_chroma_source,0d53188c0fe31c4b143265e687057a18ceebddbda4dc3ab08cf9f2f170428202,1254,1254,2x2,false
assets_src/sky_lagoon/ambient_animals_2026-07-29/raw/squirrel_idle_chroma.png,generated_chroma_source,3995299a68709c67408f49b80fdf19a98c20d103c42c4bab990029b066734a85,1254,1254,2x2,false
assets_src/sky_lagoon/ambient_animals_2026-07-29/raw/squirrel_startle_chroma.png,generated_chroma_source,b385d178c71ca70d9eabd39492952a6fcf871a9d3620389a0f7e28c07b94e631,1254,1254,2x2,false
assets_src/sky_lagoon/ambient_animals_2026-07-29/alpha/frog_idle_alpha.png,full_resolution_alpha_source,9a737948b00a6b4aa289861ba3b6f2b2410c29d646732977e3e7150b846410e5,1254,1254,2x2,false
assets_src/sky_lagoon/ambient_animals_2026-07-29/alpha/frog_startle_alpha.png,full_resolution_alpha_source,93d1a852e940ab8d6853117023f01b83e19783e64659288d1760469d10f762e3,1254,1254,2x2,false
assets_src/sky_lagoon/ambient_animals_2026-07-29/alpha/hare_idle_alpha.png,full_resolution_alpha_source,84da6f0bcb58008ac2aab870330a7b94df4a6bb13941ed72e6b4050daa25dc20,1254,1254,2x2,false
assets_src/sky_lagoon/ambient_animals_2026-07-29/alpha/hare_startle_alpha.png,full_resolution_alpha_source,26560b4d6d09136842b9bf88aecd0d070db205366d973ea6cb3d4fb61ee66b26,1254,1254,2x2,false
assets_src/sky_lagoon/ambient_animals_2026-07-29/alpha/otter_idle_alpha.png,full_resolution_alpha_source,2b55e48ead75971205f6fcd0349d0f53926dc77057fed6711b0d9db5298dbe6a,1254,1254,2x2,false
assets_src/sky_lagoon/ambient_animals_2026-07-29/alpha/otter_startle_alpha.png,full_resolution_alpha_source,0f3b213c25e6cfd077fdac7fdf0b3c07dcc9eb51d7673e8e22a195984358611b,1254,1254,2x2,false
assets_src/sky_lagoon/ambient_animals_2026-07-29/alpha/raccoon_idle_alpha.png,full_resolution_alpha_source,2cedbaf3874ef20377827a1c64fa769b6c459fee194b7318ff6f418f17432dcd,1254,1254,2x2,false
assets_src/sky_lagoon/ambient_animals_2026-07-29/alpha/raccoon_startle_alpha.png,full_resolution_alpha_source,6966f588c451b20228161484b8dae85986827933db8ab205b108dd6e94862648,1254,1254,2x2,false
assets_src/sky_lagoon/ambient_animals_2026-07-29/alpha/squirrel_idle_alpha.png,full_resolution_alpha_source,c4437e1e9aa276ae92036f4d2d440fd0021145d4d8f694d3b68d6e8d5dbc9f81,1254,1254,2x2,false
assets_src/sky_lagoon/ambient_animals_2026-07-29/alpha/squirrel_startle_alpha.png,full_resolution_alpha_source,64457feb69e8722e7dc5954c5dc616b5de8818e86e3f48d23d07b197efce47dd,1254,1254,2x2,false
assets/sprites/sky_lagoon/animals/frog_idle_atlas.png,runtime_atlas,d6fc8b3e949a0c6885580a0b03e6088dba2c9fa7567b793ea36e8073cdd46c1d,512,512,2x2,true
assets/sprites/sky_lagoon/animals/frog_startle_atlas.png,runtime_atlas,fa8b1442b6c270b91f2c69b9c143361adaabfbd044624598dc292c1e3692e4d5,512,512,2x2,true
assets/sprites/sky_lagoon/animals/hare_idle_atlas.png,runtime_atlas,723a3a473845c506aeb45fe1ff1b5da5ea4794495dbd4c7a4946918016fa63ff,512,512,2x2,true
assets/sprites/sky_lagoon/animals/hare_startle_atlas.png,runtime_atlas,4a14b105659f7e771728d1f1d248cfa35fede871b73a59aca8a15c65d2ef9b57,512,512,2x2,true
assets/sprites/sky_lagoon/animals/otter_idle_atlas.png,runtime_atlas,e6497ab0f6c7e4f98899c18451740cade7683abcaa97b7d342f9c783a8c599af,512,512,2x2,true
assets/sprites/sky_lagoon/animals/otter_startle_atlas.png,runtime_atlas,8d3c8785dee831c71d22c11bd8c849b126a72d0bd1ac790822255a698b074560,512,512,2x2,true
assets/sprites/sky_lagoon/animals/raccoon_idle_atlas.png,runtime_atlas,3ed12de88641330134844cdc37927aecf022ae74187f4b4deb2193a3c282d9dc,512,512,2x2,true
assets/sprites/sky_lagoon/animals/raccoon_startle_atlas.png,runtime_atlas,f2b2686b506edee91e28b7bd32a1c053eda4ade46beb6263664adb5421838b48,512,512,2x2,true
assets/sprites/sky_lagoon/animals/squirrel_idle_atlas.png,runtime_atlas,28538c107947733672f80988ce08335bb8d78db11192de95de7891d4fcda1d88,512,512,2x2,true
assets/sprites/sky_lagoon/animals/squirrel_startle_atlas.png,runtime_atlas,aa0705335434512d06657286ef3dabc712b8790a251ab5eac3644fe2f886e044,512,512,2x2,true
