asset_id,path,sha256,dimensions,family,registration,source,status,score
task_card_frame,assets/opera/worlds/ui/task_card_frame.png,63e9d511853f68509cca571ef1d0198fa21f1593d6979278afb76ab2c0061d51,1024x1024,p7_ui,nine_patch_margin=200,ImageGen alpha native,accepted,4.8
station_marker,assets/opera/worlds/ui/station_marker.png,e98b2c3080ed5afd7dde87a17aa7ea9351b3ce365d594719040236eb0a6d814a,512x1024,p7_ui,"icon_window=76,150,360,360",ImageGen alpha native,accepted,4.8
magnifier,assets/opera/worlds/ui/magnifier.png,25dcb35f5b2a44281f798b67cb066720ac8a38e509f9b1398e77dbb170ac00bb,512x512,p7_ui,"pivot=256,256; angle=45deg",ImageGen alpha native; lens alpha normalized,accepted,4.8
goal_nursery,assets/opera/worlds/props/goal_nursery.png,95c39b70d035d72eb226610ba21093a75ddc893d24592b9951c13c58a06fd431,1024x1024,p3_goal,dock=stage_right,ImageGen navy-field native,accepted,4.8
opera_world_master_chef,assets_src/concepts/opera_regeneration_2026-08-01/cards/opera_world_master_chef.png,c28478b3a78c170ba8f06a41fd65eb492a05be01892dc0e711e80b7a9c35380b,2048x2048,p3_world,"active_crop=0,448,2048,1152",ImageGen native + non-subject edge continuation,accepted,4.8
world_chef_c0r0,assets/opera/worlds/backdrops/world_chef_c0r0.png,37af295efb4aeb1b3dabd012e2f814f3b45b3970bf6620b48ffccd01b64e1882,1024x1024,p3_world_tile,"grid=0,0; active_crop_y=448..1600",assets_src/concepts/opera_regeneration_2026-08-01/cards/opera_world_master_chef.png,accepted,4.8
world_chef_c1r0,assets/opera/worlds/backdrops/world_chef_c1r0.png,ac3081d065e9ce601f7a29b56d4def8d8a49a73605f3a2908daed2da51a1dd24,1024x1024,p3_world_tile,"grid=1,0; active_crop_y=448..1600",assets_src/concepts/opera_regeneration_2026-08-01/cards/opera_world_master_chef.png,accepted,4.8
world_chef_c0r1,assets/opera/worlds/backdrops/world_chef_c0r1.png,947a4159c3e7bd3531f7afe5a6d9a98a017fb968eda5df5e2058a2964eda52d7,1024x1024,p3_world_tile,"grid=0,1; active_crop_y=448..1600",assets_src/concepts/opera_regeneration_2026-08-01/cards/opera_world_master_chef.png,accepted,4.8
world_chef_c1r1,assets/opera/worlds/backdrops/world_chef_c1r1.png,8bce05046bb4d56b9021cbbad01bd422ff0ab5f5f6423ae002e31d20ea4da387,1024x1024,p3_world_tile,"grid=1,1; active_crop_y=448..1600",assets_src/concepts/opera_regeneration_2026-08-01/cards/opera_world_master_chef.png,accepted,4.8
opera_stage_master_chef,assets_src/concepts/opera_regeneration_2026-08-01/cards/opera_stage_master_chef.png,20eada67cd5903de37e8ff66ad29cf8f18f922e906441ecd791b9ca14872c013,2048x2048,p3_stage,"active_crop=0,448,2048,1152",ImageGen native + non-subject edge continuation,accepted,4.8
stage_chef_c0r0,assets/opera/worlds/backdrops/stage_chef_c0r0.png,ab374bbacddc0dd8cab4f0ead00b5f352adf9c3d1318b23ed213828753e3ffd9,1024x1024,p3_stage_tile,"grid=0,0; active_crop_y=448..1600",assets_src/concepts/opera_regeneration_2026-08-01/cards/opera_stage_master_chef.png,accepted,4.8
stage_chef_c1r0,assets/opera/worlds/backdrops/stage_chef_c1r0.png,9200e9f86aae8b8593e2a25a1dc73250b870f0227fa7fb9b2d8e2e30833f599d,1024x1024,p3_stage_tile,"grid=1,0; active_crop_y=448..1600",assets_src/concepts/opera_regeneration_2026-08-01/cards/opera_stage_master_chef.png,accepted,4.8
stage_chef_c0r1,assets/opera/worlds/backdrops/stage_chef_c0r1.png,5dd883fb715a94eaee75606cb4c9ae0893f1cc1971f9e17fecbf148832965861,1024x1024,p3_stage_tile,"grid=0,1; active_crop_y=448..1600",assets_src/concepts/opera_regeneration_2026-08-01/cards/opera_stage_master_chef.png,accepted,4.8
stage_chef_c1r1,assets/opera/worlds/backdrops/stage_chef_c1r1.png,38059081d8db313e0ccf4d87c10f70d486d582f38b5498693a127b6815f3d58e,1024x1024,p3_stage_tile,"grid=1,1; active_crop_y=448..1600",assets_src/concepts/opera_regeneration_2026-08-01/cards/opera_stage_master_chef.png,accepted,4.8
opera_world_master_detective,assets_src/concepts/opera_regeneration_2026-08-01/cards/opera_world_master_detective.png,84d4529f2f929bfb566f945a14d19ade380847bc83032fc421812610fdea8e44,2048x2048,p3_world,"active_crop=0,448,2048,1152",ImageGen native + non-subject edge continuation,accepted,4.8
world_detective_c0r0,assets/opera/worlds/backdrops/world_detective_c0r0.png,393cd1b441b27244fd12873db361d599deb5b8a09505b861c2a7a854d7606d2c,1024x1024,p3_world_tile,"grid=0,0; active_crop_y=448..1600",assets_src/concepts/opera_regeneration_2026-08-01/cards/opera_world_master_detective.png,accepted,4.8
world_detective_c1r0,assets/opera/worlds/backdrops/world_detective_c1r0.png,241dfdb89b425d40c4d34e115af7503af94744dd29a5b33169fdf242cb674c7a,1024x1024,p3_world_tile,"grid=1,0; active_crop_y=448..1600",assets_src/concepts/opera_regeneration_2026-08-01/cards/opera_world_master_detective.png,accepted,4.8
world_detective_c0r1,assets/opera/worlds/backdrops/world_detective_c0r1.png,4b351958982ff5869de33a39e4b1dbde0a4f7255d9fb24e13615f0466af67dab,1024x1024,p3_world_tile,"grid=0,1; active_crop_y=448..1600",assets_src/concepts/opera_regeneration_2026-08-01/cards/opera_world_master_detective.png,accepted,4.8
world_detective_c1r1,assets/opera/worlds/backdrops/world_detective_c1r1.png,5fdbce02db285d4cfc20d3316357c58841e1c7210d70eb0e02546411940d45fc,1024x1024,p3_world_tile,"grid=1,1; active_crop_y=448..1600",assets_src/concepts/opera_regeneration_2026-08-01/cards/opera_world_master_detective.png,accepted,4.8
opera_stage_master_detective,assets_src/concepts/opera_regeneration_2026-08-01/cards/opera_stage_master_detective.png,ecb0203af6dc998cf5c143693ac9ba293b2580caf6e9090b2a2a92f2e5948dd6,2048x2048,p3_stage,"active_crop=0,448,2048,1152",ImageGen native + non-subject edge continuation,accepted,4.8
stage_detective_c0r0,assets/opera/worlds/backdrops/stage_detective_c0r0.png,ccbacf270667a0dd4ce0cebc9283dcf91cd1bcf712c2a95aec287a45fe9008dd,1024x1024,p3_stage_tile,"grid=0,0; active_crop_y=448..1600",assets_src/concepts/opera_regeneration_2026-08-01/cards/opera_stage_master_detective.png,accepted,4.8
stage_detective_c1r0,assets/opera/worlds/backdrops/stage_detective_c1r0.png,1ab1ae69c7e4d2b2d355bff7031a968dc2a63f8cebe87f5c1b1d2f88f44f8a77,1024x1024,p3_stage_tile,"grid=1,0; active_crop_y=448..1600",assets_src/concepts/opera_regeneration_2026-08-01/cards/opera_stage_master_detective.png,accepted,4.8
stage_detective_c0r1,assets/opera/worlds/backdrops/stage_detective_c0r1.png,b52ab41b8a8b4801bd89782a12698b0420299c38e4d1fc281f6c95d117fcf6da,1024x1024,p3_stage_tile,"grid=0,1; active_crop_y=448..1600",assets_src/concepts/opera_regeneration_2026-08-01/cards/opera_stage_master_detective.png,accepted,4.8
stage_detective_c1r1,assets/opera/worlds/backdrops/stage_detective_c1r1.png,b32bfbb8e6c202007ac7299b3911e8e830953d37b01357f03dbabcc1427e9b5e,1024x1024,p3_stage_tile,"grid=1,1; active_crop_y=448..1600",assets_src/concepts/opera_regeneration_2026-08-01/cards/opera_stage_master_detective.png,accepted,4.8
opera_world_master_ballerina,assets_src/concepts/opera_regeneration_2026-08-01/cards/opera_world_master_ballerina.png,d3f531fe2540bbcf5c4864c5307eae594dd20ea4c2e317f6f73904b4d5f344c9,2048x2048,p3_world,"active_crop=0,448,2048,1152",ImageGen native + non-subject edge continuation,accepted,4.8
world_ballerina_c0r0,assets/opera/worlds/backdrops/world_ballerina_c0r0.png,eb80cc6370747ef192d0e0129d113b3d6aeb5cdaab2ceed9ae27b5c1b3f36f1c,1024x1024,p3_world_tile,"grid=0,0; active_crop_y=448..1600",assets_src/concepts/opera_regeneration_2026-08-01/cards/opera_world_master_ballerina.png,accepted,4.8
world_ballerina_c1r0,assets/opera/worlds/backdrops/world_ballerina_c1r0.png,7a442098e1d3399d25971c0f537a05181dcf6f79ead4f94a04cd983936184201,1024x1024,p3_world_tile,"grid=1,0; active_crop_y=448..1600",assets_src/concepts/opera_regeneration_2026-08-01/cards/opera_world_master_ballerina.png,accepted,4.8
world_ballerina_c0r1,assets/opera/worlds/backdrops/world_ballerina_c0r1.png,4a87be9608a19b2f0b8f11b9b9623acf227a474963e72889999868266f47f4a5,1024x1024,p3_world_tile,"grid=0,1; active_crop_y=448..1600",assets_src/concepts/opera_regeneration_2026-08-01/cards/opera_world_master_ballerina.png,accepted,4.8
world_ballerina_c1r1,assets/opera/worlds/backdrops/world_ballerina_c1r1.png,68165f9af9ceadacc02702f252fd2b432815c29b6037c7bc883e36241e1d5a59,1024x1024,p3_world_tile,"grid=1,1; active_crop_y=448..1600",assets_src/concepts/opera_regeneration_2026-08-01/cards/opera_world_master_ballerina.png,accepted,4.8
opera_stage_master_ballerina,assets_src/concepts/opera_regeneration_2026-08-01/cards/opera_stage_master_ballerina.png,7b50edcd34333adbcbb5b5a366a88aad09ba7ce1312ff2662e646f5d3d47f270,2048x2048,p3_stage,"active_crop=0,448,2048,1152",ImageGen native + non-subject edge continuation,accepted,4.8
stage_ballerina_c0r0,assets/opera/worlds/backdrops/stage_ballerina_c0r0.png,405fa2471603227c202b095f9a409cb7bcb70aac836e1f6fe507cfdba862e6e8,1024x1024,p3_stage_tile,"grid=0,0; active_crop_y=448..1600",assets_src/concepts/opera_regeneration_2026-08-01/cards/opera_stage_master_ballerina.png,accepted,4.8
stage_ballerina_c1r0,assets/opera/worlds/backdrops/stage_ballerina_c1r0.png,798a7f025f3219a7717b6e34ed2ab10d85e72506d84603d0735a0e80c5152dc3,1024x1024,p3_stage_tile,"grid=1,0; active_crop_y=448..1600",assets_src/concepts/opera_regeneration_2026-08-01/cards/opera_stage_master_ballerina.png,accepted,4.8
stage_ballerina_c0r1,assets/opera/worlds/backdrops/stage_ballerina_c0r1.png,e240fa5e9968a999c7a8df6feaf843d9dcd83b3437e6ad01f1f92f4b291bfb32,1024x1024,p3_stage_tile,"grid=0,1; active_crop_y=448..1600",assets_src/concepts/opera_regeneration_2026-08-01/cards/opera_stage_master_ballerina.png,accepted,4.8
stage_ballerina_c1r1,assets/opera/worlds/backdrops/stage_ballerina_c1r1.png,e91833407e8304ceea85a505707246d1416d6b3c0a673040a5299cb61fca8e1e,1024x1024,p3_stage_tile,"grid=1,1; active_crop_y=448..1600",assets_src/concepts/opera_regeneration_2026-08-01/cards/opera_stage_master_ballerina.png,accepted,4.8
opera_world_master_candymaker,assets_src/concepts/opera_regeneration_2026-08-01/cards/opera_world_master_candymaker.png,03a74007359029861b6f781f7ea78f25a104a743dd8532586c7bf4fabf2fd519,2048x2048,p3_world,"active_crop=0,448,2048,1152",ImageGen native + non-subject edge continuation,accepted,4.8
world_candymaker_c0r0,assets/opera/worlds/backdrops/world_candymaker_c0r0.png,c3bf6be20a34de6070ac763c640f19f39ce13ee40bc580d737a79490caab4d86,1024x1024,p3_world_tile,"grid=0,0; active_crop_y=448..1600",assets_src/concepts/opera_regeneration_2026-08-01/cards/opera_world_master_candymaker.png,accepted,4.8
world_candymaker_c1r0,assets/opera/worlds/backdrops/world_candymaker_c1r0.png,4b573a1689e3c21cd920f727d6139e5cae4acdabb02960db70eaa313cd798106,1024x1024,p3_world_tile,"grid=1,0; active_crop_y=448..1600",assets_src/concepts/opera_regeneration_2026-08-01/cards/opera_world_master_candymaker.png,accepted,4.8
world_candymaker_c0r1,assets/opera/worlds/backdrops/world_candymaker_c0r1.png,8ea70a93e5703ff7f3a07a5ec5c1812c1e1bb16805c2f83e3a889e4e44e85483,1024x1024,p3_world_tile,"grid=0,1; active_crop_y=448..1600",assets_src/concepts/opera_regeneration_2026-08-01/cards/opera_world_master_candymaker.png,accepted,4.8
world_candymaker_c1r1,assets/opera/worlds/backdrops/world_candymaker_c1r1.png,167626be69d208d4080ba0cb302278a20d39d74505b2fcc56923f3c7a0a8bc2c,1024x1024,p3_world_tile,"grid=1,1; active_crop_y=448..1600",assets_src/concepts/opera_regeneration_2026-08-01/cards/opera_world_master_candymaker.png,accepted,4.8
opera_stage_master_candymaker,assets_src/concepts/opera_regeneration_2026-08-01/cards/opera_stage_master_candymaker.png,c27807f9f1a6032c14c1e9600942ab084b2163353d47642be3a21d44d16462b2,2048x2048,p3_stage,"active_crop=0,448,2048,1152",ImageGen native + non-subject edge continuation,accepted,4.8
stage_candymaker_c0r0,assets/opera/worlds/backdrops/stage_candymaker_c0r0.png,994e9311841c21ebbfbbd2defcf97cfa9982a5b14726032c4176ae97d586b040,1024x1024,p3_stage_tile,"grid=0,0; active_crop_y=448..1600",assets_src/concepts/opera_regeneration_2026-08-01/cards/opera_stage_master_candymaker.png,accepted,4.8
stage_candymaker_c1r0,assets/opera/worlds/backdrops/stage_candymaker_c1r0.png,44eb1e36ac758dcd135cfd6de84f7f992209f67a02c9b81e189051b6471fb8bf,1024x1024,p3_stage_tile,"grid=1,0; active_crop_y=448..1600",assets_src/concepts/opera_regeneration_2026-08-01/cards/opera_stage_master_candymaker.png,accepted,4.8
stage_candymaker_c0r1,assets/opera/worlds/backdrops/stage_candymaker_c0r1.png,fde2e660380b323a75628e15756334dd6345a9b7dbe8830f5aa7b4d54bdc3bcc,1024x1024,p3_stage_tile,"grid=0,1; active_crop_y=448..1600",assets_src/concepts/opera_regeneration_2026-08-01/cards/opera_stage_master_candymaker.png,accepted,4.8
stage_candymaker_c1r1,assets/opera/worlds/backdrops/stage_candymaker_c1r1.png,501ff6b6b089ef9ad809443c1cb57e0e7a1fc7446f5c1352d6991f4e5d343125,1024x1024,p3_stage_tile,"grid=1,1; active_crop_y=448..1600",assets_src/concepts/opera_regeneration_2026-08-01/cards/opera_stage_master_candymaker.png,accepted,4.8
opera_world_master_doctor,assets_src/concepts/opera_regeneration_2026-08-01/cards/opera_world_master_doctor.png,0d0adc177e93b384ebf3cd98e39aa947016e07f7292df570197409c2be4525be,2048x2048,p3_world,"active_crop=0,448,2048,1152",ImageGen native + non-subject edge continuation,accepted,4.8
world_doctor_c0r0,assets/opera/worlds/backdrops/world_doctor_c0r0.png,e9c168fc8590cece7d30efa8281b5ff9686726d9fb799739ef2b37183732c7cf,1024x1024,p3_world_tile,"grid=0,0; active_crop_y=448..1600",assets_src/concepts/opera_regeneration_2026-08-01/cards/opera_world_master_doctor.png,accepted,4.8
world_doctor_c1r0,assets/opera/worlds/backdrops/world_doctor_c1r0.png,ccf34368c0d0afaf3a88704c2dcd31c9a65051634110dfa0afba8657c186580c,1024x1024,p3_world_tile,"grid=1,0; active_crop_y=448..1600",assets_src/concepts/opera_regeneration_2026-08-01/cards/opera_world_master_doctor.png,accepted,4.8
world_doctor_c0r1,assets/opera/worlds/backdrops/world_doctor_c0r1.png,ada8d12f15bf6c87aa53a9967d880d08271daf7344f50e97b90580ab268601b6,1024x1024,p3_world_tile,"grid=0,1; active_crop_y=448..1600",assets_src/concepts/opera_regeneration_2026-08-01/cards/opera_world_master_doctor.png,accepted,4.8
world_doctor_c1r1,assets/opera/worlds/backdrops/world_doctor_c1r1.png,a55942bb70402a78f5c6f142dc40896edb7ab53a269ec5b1b631f507da80c40f,1024x1024,p3_world_tile,"grid=1,1; active_crop_y=448..1600",assets_src/concepts/opera_regeneration_2026-08-01/cards/opera_world_master_doctor.png,accepted,4.8
opera_stage_master_doctor,assets_src/concepts/opera_regeneration_2026-08-01/cards/opera_stage_master_doctor.png,8562feb485f2f4f4978c1c15b80b19c42f44bcf9d52fb54bb145a69b6745e87b,2048x2048,p3_stage,"active_crop=0,448,2048,1152",ImageGen native + non-subject edge continuation,accepted,4.8
stage_doctor_c0r0,assets/opera/worlds/backdrops/stage_doctor_c0r0.png,a2db9584379bfa5ce32e5e670e6eebaebc3bab5c4f60b4348ecd94ca99596257,1024x1024,p3_stage_tile,"grid=0,0; active_crop_y=448..1600",assets_src/concepts/opera_regeneration_2026-08-01/cards/opera_stage_master_doctor.png,accepted,4.8
stage_doctor_c1r0,assets/opera/worlds/backdrops/stage_doctor_c1r0.png,66d0a0ffc0af97896758b00bea39d63862ba7b88be04aa39c49b5e4a61cb7e82,1024x1024,p3_stage_tile,"grid=1,0; active_crop_y=448..1600",assets_src/concepts/opera_regeneration_2026-08-01/cards/opera_stage_master_doctor.png,accepted,4.8
stage_doctor_c0r1,assets/opera/worlds/backdrops/stage_doctor_c0r1.png,1f351a40020e2f690fa59dac149a06254e1c16bb7b251e324ef4a9718cae10f6,1024x1024,p3_stage_tile,"grid=0,1; active_crop_y=448..1600",assets_src/concepts/opera_regeneration_2026-08-01/cards/opera_stage_master_doctor.png,accepted,4.8
stage_doctor_c1r1,assets/opera/worlds/backdrops/stage_doctor_c1r1.png,30d8ca7f012b5e8211dcadc48fc19e207a9bead348904605b322a605d9f438c2,1024x1024,p3_stage_tile,"grid=1,1; active_crop_y=448..1600",assets_src/concepts/opera_regeneration_2026-08-01/cards/opera_stage_master_doctor.png,accepted,4.8
opera_world_master_farmer,assets_src/concepts/opera_regeneration_2026-08-01/cards/opera_world_master_farmer.png,251fe38a0d0273458df9875b3110d518e0fd40599fac7d2f6468d5232f7e8a8b,2048x2048,p3_world,"active_crop=0,448,2048,1152",ImageGen native + non-subject edge continuation,accepted,4.8
world_farmer_c0r0,assets/opera/worlds/backdrops/world_farmer_c0r0.png,3d1a2bf91f141919f34a1f1dccb1846ea8a1db6e1f3d3fc80c067c21031a9794,1024x1024,p3_world_tile,"grid=0,0; active_crop_y=448..1600",assets_src/concepts/opera_regeneration_2026-08-01/cards/opera_world_master_farmer.png,accepted,4.8
world_farmer_c1r0,assets/opera/worlds/backdrops/world_farmer_c1r0.png,1bd3c006ff47beab5a058a0992967ffa986dc05d10ba3d3d5cea10308168cb61,1024x1024,p3_world_tile,"grid=1,0; active_crop_y=448..1600",assets_src/concepts/opera_regeneration_2026-08-01/cards/opera_world_master_farmer.png,accepted,4.8
world_farmer_c0r1,assets/opera/worlds/backdrops/world_farmer_c0r1.png,2a5b8497a8d6d7505ab27449f4fefca2e20c8bdc25aa46711f6f1d300adb8b9d,1024x1024,p3_world_tile,"grid=0,1; active_crop_y=448..1600",assets_src/concepts/opera_regeneration_2026-08-01/cards/opera_world_master_farmer.png,accepted,4.8
world_farmer_c1r1,assets/opera/worlds/backdrops/world_farmer_c1r1.png,04cfb5c770275b3d3c3bc6c484fa5b7aeb36dcefed026161c69b7c84a85e83b4,1024x1024,p3_world_tile,"grid=1,1; active_crop_y=448..1600",assets_src/concepts/opera_regeneration_2026-08-01/cards/opera_world_master_farmer.png,accepted,4.8
opera_stage_master_farmer,assets_src/concepts/opera_regeneration_2026-08-01/cards/opera_stage_master_farmer.png,0d109a6cbcd1e52ddecef5e301ec72f96a8b7b2e11e6c536f5e3d7e515504442,2048x2048,p3_stage,"active_crop=0,448,2048,1152",ImageGen native + non-subject edge continuation,accepted,4.8
stage_farmer_c0r0,assets/opera/worlds/backdrops/stage_farmer_c0r0.png,4cb326b752ed25401cf1cbe104273abad490279b174224b8278cc486e3697428,1024x1024,p3_stage_tile,"grid=0,0; active_crop_y=448..1600",assets_src/concepts/opera_regeneration_2026-08-01/cards/opera_stage_master_farmer.png,accepted,4.8
stage_farmer_c1r0,assets/opera/worlds/backdrops/stage_farmer_c1r0.png,f23f1014d6ac4b13c37a24683dd52b04c022b6b303af6e13e5f3f11ba3641db8,1024x1024,p3_stage_tile,"grid=1,0; active_crop_y=448..1600",assets_src/concepts/opera_regeneration_2026-08-01/cards/opera_stage_master_farmer.png,accepted,4.8
stage_farmer_c0r1,assets/opera/worlds/backdrops/stage_farmer_c0r1.png,782299a7d22509a8f301f1f6fade0163626d8af908e16bd655227eceea0931a2,1024x1024,p3_stage_tile,"grid=0,1; active_crop_y=448..1600",assets_src/concepts/opera_regeneration_2026-08-01/cards/opera_stage_master_farmer.png,accepted,4.8
stage_farmer_c1r1,assets/opera/worlds/backdrops/stage_farmer_c1r1.png,df1a45957ab2db8187993b035a01a2878cf3208bfa928011d2424522d54490ab,1024x1024,p3_stage_tile,"grid=1,1; active_crop_y=448..1600",assets_src/concepts/opera_regeneration_2026-08-01/cards/opera_stage_master_farmer.png,accepted,4.8
opera_world_master_boxer,assets_src/concepts/opera_regeneration_2026-08-01/cards/opera_world_master_boxer.png,efbed97bc44066f07ae9dda493d20b39905d2cf51c566f38eeb9dc57dc7862b1,2048x2048,p3_world,"active_crop=0,448,2048,1152",ImageGen native + non-subject edge continuation,accepted,4.8
world_boxer_c0r0,assets/opera/worlds/backdrops/world_boxer_c0r0.png,ddec896f603a33791747e0020a9d3da83e683df42b00949460084792c525825f,1024x1024,p3_world_tile,"grid=0,0; active_crop_y=448..1600",assets_src/concepts/opera_regeneration_2026-08-01/cards/opera_world_master_boxer.png,accepted,4.8
world_boxer_c1r0,assets/opera/worlds/backdrops/world_boxer_c1r0.png,524e95ab286c40946a5af2f715916374f6c2bf7ebdb408f20e012c314773af56,1024x1024,p3_world_tile,"grid=1,0; active_crop_y=448..1600",assets_src/concepts/opera_regeneration_2026-08-01/cards/opera_world_master_boxer.png,accepted,4.8
world_boxer_c0r1,assets/opera/worlds/backdrops/world_boxer_c0r1.png,eb3dd33d46e5cf4de71b3cf53489f18493688f8e1c167831b644ffd5dcda2f35,1024x1024,p3_world_tile,"grid=0,1; active_crop_y=448..1600",assets_src/concepts/opera_regeneration_2026-08-01/cards/opera_world_master_boxer.png,accepted,4.8
world_boxer_c1r1,assets/opera/worlds/backdrops/world_boxer_c1r1.png,e23ffb69e1856f13ac7d40bf9e182c5d6a192e7925eb59cb75dff470f488571a,1024x1024,p3_world_tile,"grid=1,1; active_crop_y=448..1600",assets_src/concepts/opera_regeneration_2026-08-01/cards/opera_world_master_boxer.png,accepted,4.8
opera_stage_master_boxer,assets_src/concepts/opera_regeneration_2026-08-01/cards/opera_stage_master_boxer.png,0e6f938fa7337d2e9bf8ff2d92678736292f0a8b22a67c1779d58d7cfdae78cb,2048x2048,p3_stage,"active_crop=0,448,2048,1152",ImageGen native + non-subject edge continuation,accepted,4.8
stage_boxer_c0r0,assets/opera/worlds/backdrops/stage_boxer_c0r0.png,118e52a8811a13c1c733d587d5b9842950ca95b00267f83e8806558bba49f74f,1024x1024,p3_stage_tile,"grid=0,0; active_crop_y=448..1600",assets_src/concepts/opera_regeneration_2026-08-01/cards/opera_stage_master_boxer.png,accepted,4.8
stage_boxer_c1r0,assets/opera/worlds/backdrops/stage_boxer_c1r0.png,9573efe9cdbd09868a6ba4d9e0fe7a4e69b7b3b75717a9a9ad326fe8469cf127,1024x1024,p3_stage_tile,"grid=1,0; active_crop_y=448..1600",assets_src/concepts/opera_regeneration_2026-08-01/cards/opera_stage_master_boxer.png,accepted,4.8
stage_boxer_c0r1,assets/opera/worlds/backdrops/stage_boxer_c0r1.png,04bf8bc41482485e4c7a7fbfa4922d4533de7d9aa944d1906508aaa28e5ec060,1024x1024,p3_stage_tile,"grid=0,1; active_crop_y=448..1600",assets_src/concepts/opera_regeneration_2026-08-01/cards/opera_stage_master_boxer.png,accepted,4.8
stage_boxer_c1r1,assets/opera/worlds/backdrops/stage_boxer_c1r1.png,6adc8916f38e2e9093fcf948fb95d907002d263626dca3de558b9d22426ae490,1024x1024,p3_stage_tile,"grid=1,1; active_crop_y=448..1600",assets_src/concepts/opera_regeneration_2026-08-01/cards/opera_stage_master_boxer.png,accepted,4.8
opera_world_master_magician,assets_src/concepts/opera_regeneration_2026-08-01/cards/opera_world_master_magician.png,3de4401953daaa5d44705ad3899042db9747447a05a5bd8cb315dfc1fa8315a4,2048x2048,p3_world,"active_crop=0,448,2048,1152",ImageGen native + non-subject edge continuation,accepted,4.8
world_magician_c0r0,assets/opera/worlds/backdrops/world_magician_c0r0.png,27a0ded093913fff76a1edca5867bd6d3832e1a74b41cc6ec75368c114142c08,1024x1024,p3_world_tile,"grid=0,0; active_crop_y=448..1600",assets_src/concepts/opera_regeneration_2026-08-01/cards/opera_world_master_magician.png,accepted,4.8
world_magician_c1r0,assets/opera/worlds/backdrops/world_magician_c1r0.png,5f767669bd177c08f644f85996b380e89e9925077e230ae99fa8d3ad7c807693,1024x1024,p3_world_tile,"grid=1,0; active_crop_y=448..1600",assets_src/concepts/opera_regeneration_2026-08-01/cards/opera_world_master_magician.png,accepted,4.8
world_magician_c0r1,assets/opera/worlds/backdrops/world_magician_c0r1.png,4eecebacf18fac24546039581f88c1f76ff60794e82a629e7f67523a94c8b37b,1024x1024,p3_world_tile,"grid=0,1; active_crop_y=448..1600",assets_src/concepts/opera_regeneration_2026-08-01/cards/opera_world_master_magician.png,accepted,4.8
world_magician_c1r1,assets/opera/worlds/backdrops/world_magician_c1r1.png,29891eef1c26febc2ccad61397e519326c86170eef5ffe38019099b379ea3f1c,1024x1024,p3_world_tile,"grid=1,1; active_crop_y=448..1600",assets_src/concepts/opera_regeneration_2026-08-01/cards/opera_world_master_magician.png,accepted,4.8
opera_stage_master_magician,assets_src/concepts/opera_regeneration_2026-08-01/cards/opera_stage_master_magician.png,f38c4478f52fc74d1d12d3cba4d1c65007eca393a143e44d9c8df36e28bce3fc,2048x2048,p3_stage,"active_crop=0,448,2048,1152",ImageGen native + non-subject edge continuation,accepted,4.8
stage_magician_c0r0,assets/opera/worlds/backdrops/stage_magician_c0r0.png,84e4ee759f240675c9d355356b373e7463f12496166308cdcd998fff5dffef9e,1024x1024,p3_stage_tile,"grid=0,0; active_crop_y=448..1600",assets_src/concepts/opera_regeneration_2026-08-01/cards/opera_stage_master_magician.png,accepted,4.8
stage_magician_c1r0,assets/opera/worlds/backdrops/stage_magician_c1r0.png,2946fd63a195ef972ec9628a4ff346dfe0beb8f067bf47065cbc50de00f2a010,1024x1024,p3_stage_tile,"grid=1,0; active_crop_y=448..1600",assets_src/concepts/opera_regeneration_2026-08-01/cards/opera_stage_master_magician.png,accepted,4.8
stage_magician_c0r1,assets/opera/worlds/backdrops/stage_magician_c0r1.png,11230a06b81d60ae09a5c17e66c3a5a0e6c81d158fa67a4914c6345d461ed151,1024x1024,p3_stage_tile,"grid=0,1; active_crop_y=448..1600",assets_src/concepts/opera_regeneration_2026-08-01/cards/opera_stage_master_magician.png,accepted,4.8
stage_magician_c1r1,assets/opera/worlds/backdrops/stage_magician_c1r1.png,e045779fe8fafd60effbe23bd131dee7f7e258d37a0218135b599c91a0599c43,1024x1024,p3_stage_tile,"grid=1,1; active_crop_y=448..1600",assets_src/concepts/opera_regeneration_2026-08-01/cards/opera_stage_master_magician.png,accepted,4.8
opera_world_master_painter,assets_src/concepts/opera_regeneration_2026-08-01/cards/opera_world_master_painter.png,2177707972d15ce640ce6209a7b8e4c7be78cf15eebef3d975b6be44835ff8fc,2048x2048,p3_world,"active_crop=0,448,2048,1152",ImageGen native + non-subject edge continuation,accepted,4.8
world_painter_c0r0,assets/opera/worlds/backdrops/world_painter_c0r0.png,dfe0c7f09e91733e6768b5d0954771ebbc043946510304b7b5b7ccfa9b9ae07d,1024x1024,p3_world_tile,"grid=0,0; active_crop_y=448..1600",assets_src/concepts/opera_regeneration_2026-08-01/cards/opera_world_master_painter.png,accepted,4.8
world_painter_c1r0,assets/opera/worlds/backdrops/world_painter_c1r0.png,02d7b4ecfbed2ebe58f7055264ee575599ba25e756e1a9a2a9cc6b8c84f654a6,1024x1024,p3_world_tile,"grid=1,0; active_crop_y=448..1600",assets_src/concepts/opera_regeneration_2026-08-01/cards/opera_world_master_painter.png,accepted,4.8
world_painter_c0r1,assets/opera/worlds/backdrops/world_painter_c0r1.png,b144575df1b980fac89ac7bb82d147baa72b90921fa7f389990f332a9625d659,1024x1024,p3_world_tile,"grid=0,1; active_crop_y=448..1600",assets_src/concepts/opera_regeneration_2026-08-01/cards/opera_world_master_painter.png,accepted,4.8
world_painter_c1r1,assets/opera/worlds/backdrops/world_painter_c1r1.png,4b18be9142fbe021425c1e0bd2a3dc6ff52a4df56089a9d924381a89d5b11443,1024x1024,p3_world_tile,"grid=1,1; active_crop_y=448..1600",assets_src/concepts/opera_regeneration_2026-08-01/cards/opera_world_master_painter.png,accepted,4.8
opera_stage_master_painter,assets_src/concepts/opera_regeneration_2026-08-01/cards/opera_stage_master_painter.png,cae6b2d1cb9e7fceb2b3f132e0168c08d4b0dc4ebbdf350d1a4134d8c86c7148,2048x2048,p3_stage,"active_crop=0,448,2048,1152",ImageGen native + non-subject edge continuation,accepted,4.8
stage_painter_c0r0,assets/opera/worlds/backdrops/stage_painter_c0r0.png,9a5a1c7ae569e0dd71dd903a04d6aaa7abf459623920e198b6e4ebcfbc29f775,1024x1024,p3_stage_tile,"grid=0,0; active_crop_y=448..1600",assets_src/concepts/opera_regeneration_2026-08-01/cards/opera_stage_master_painter.png,accepted,4.8
stage_painter_c1r0,assets/opera/worlds/backdrops/stage_painter_c1r0.png,8da5a0cdd12a5f3d1e8b67f1c26c61b9a28bc3a45611146a2384e65cce6d774b,1024x1024,p3_stage_tile,"grid=1,0; active_crop_y=448..1600",assets_src/concepts/opera_regeneration_2026-08-01/cards/opera_stage_master_painter.png,accepted,4.8
stage_painter_c0r1,assets/opera/worlds/backdrops/stage_painter_c0r1.png,9bc34a09dc34d81affa5ccffc0b2f352077c057c0aa3be8042566898b8d65473,1024x1024,p3_stage_tile,"grid=0,1; active_crop_y=448..1600",assets_src/concepts/opera_regeneration_2026-08-01/cards/opera_stage_master_painter.png,accepted,4.8
stage_painter_c1r1,assets/opera/worlds/backdrops/stage_painter_c1r1.png,815e04e73d74543eb9d1a0aa2f888623d809333a29086b8d87af47432e5da7cb,1024x1024,p3_stage_tile,"grid=1,1; active_crop_y=448..1600",assets_src/concepts/opera_regeneration_2026-08-01/cards/opera_stage_master_painter.png,accepted,4.8
opera_world_master_astronaut,assets_src/concepts/opera_regeneration_2026-08-01/cards/opera_world_master_astronaut.png,ccf115926d670b7f0fbf5f2c1895e1d567ddba0fc260414b5b72f077f0d88843,2048x2048,p3_world,"active_crop=0,448,2048,1152",ImageGen native + non-subject edge continuation,accepted,4.8
world_astronaut_c0r0,assets/opera/worlds/backdrops/world_astronaut_c0r0.png,b8170e88b746c5ec608a6318fac254f7cddc78719ca36efacf089100fdcc0535,1024x1024,p3_world_tile,"grid=0,0; active_crop_y=448..1600",assets_src/concepts/opera_regeneration_2026-08-01/cards/opera_world_master_astronaut.png,accepted,4.8
world_astronaut_c1r0,assets/opera/worlds/backdrops/world_astronaut_c1r0.png,de5d027196f86286dd9032f9fea7ea97c39b9796ce8adee3db527f83025199fc,1024x1024,p3_world_tile,"grid=1,0; active_crop_y=448..1600",assets_src/concepts/opera_regeneration_2026-08-01/cards/opera_world_master_astronaut.png,accepted,4.8
world_astronaut_c0r1,assets/opera/worlds/backdrops/world_astronaut_c0r1.png,f43b0d59499fcadce323adf984caf3492444377910e859e2b64c970ba7924dde,1024x1024,p3_world_tile,"grid=0,1; active_crop_y=448..1600",assets_src/concepts/opera_regeneration_2026-08-01/cards/opera_world_master_astronaut.png,accepted,4.8
world_astronaut_c1r1,assets/opera/worlds/backdrops/world_astronaut_c1r1.png,491b2d32cd5b82b0c3436ed37725646dbc5e6dc9dd554851fb86d433acbad953,1024x1024,p3_world_tile,"grid=1,1; active_crop_y=448..1600",assets_src/concepts/opera_regeneration_2026-08-01/cards/opera_world_master_astronaut.png,accepted,4.8
opera_stage_master_astronaut,assets_src/concepts/opera_regeneration_2026-08-01/cards/opera_stage_master_astronaut.png,f4d23fdd45b3be7b4b34a19f3b4e06021b048c8fa78fe8772cc1ad68e84fbf3f,2048x2048,p3_stage,"active_crop=0,448,2048,1152",ImageGen native + non-subject edge continuation,accepted,4.8
stage_astronaut_c0r0,assets/opera/worlds/backdrops/stage_astronaut_c0r0.png,619b84ddd1fd607ca10f9509ebbfb4d4aa13e8fa066ddefa9017dca742ceb54f,1024x1024,p3_stage_tile,"grid=0,0; active_crop_y=448..1600",assets_src/concepts/opera_regeneration_2026-08-01/cards/opera_stage_master_astronaut.png,accepted,4.8
stage_astronaut_c1r0,assets/opera/worlds/backdrops/stage_astronaut_c1r0.png,db3dc67b611c56376fe5235903fd6274417cce207dc06c43b35b654d09b43e6b,1024x1024,p3_stage_tile,"grid=1,0; active_crop_y=448..1600",assets_src/concepts/opera_regeneration_2026-08-01/cards/opera_stage_master_astronaut.png,accepted,4.8
stage_astronaut_c0r1,assets/opera/worlds/backdrops/stage_astronaut_c0r1.png,737fa823d8e4d28beaefa106fc42a545db2756e1f2d1e13cd9e4a3e22f060f00,1024x1024,p3_stage_tile,"grid=0,1; active_crop_y=448..1600",assets_src/concepts/opera_regeneration_2026-08-01/cards/opera_stage_master_astronaut.png,accepted,4.8
stage_astronaut_c1r1,assets/opera/worlds/backdrops/stage_astronaut_c1r1.png,66c7e532219909ad8010dd11af18ff07f285115e7dbb91dfbdb7b3ac6d410e8c,1024x1024,p3_stage_tile,"grid=1,1; active_crop_y=448..1600",assets_src/concepts/opera_regeneration_2026-08-01/cards/opera_stage_master_astronaut.png,accepted,4.8
opera_world_master_racer,assets_src/concepts/opera_regeneration_2026-08-01/cards/opera_world_master_racer.png,deb79c0b95bb32410bbfa4fe56fffb15e860736a72b4aaa533005efcb83cc08e,2048x2048,p3_world,"active_crop=0,448,2048,1152",ImageGen native + non-subject edge continuation,accepted,4.8
world_racer_c0r0,assets/opera/worlds/backdrops/world_racer_c0r0.png,920b4df91bad73d288ff2cd39fe8cdccc2dfe8743bb64d65a691343b7630bf66,1024x1024,p3_world_tile,"grid=0,0; active_crop_y=448..1600",assets_src/concepts/opera_regeneration_2026-08-01/cards/opera_world_master_racer.png,accepted,4.8
world_racer_c1r0,assets/opera/worlds/backdrops/world_racer_c1r0.png,07e7ad658427ed5cac40f1668521b4c59c54fba8bb428edb5acd36db25fbf3b7,1024x1024,p3_world_tile,"grid=1,0; active_crop_y=448..1600",assets_src/concepts/opera_regeneration_2026-08-01/cards/opera_world_master_racer.png,accepted,4.8
world_racer_c0r1,assets/opera/worlds/backdrops/world_racer_c0r1.png,95fa81b0f29ebee87ae6d4121334a46cac4c2545eb3b37660f002462e9b29585,1024x1024,p3_world_tile,"grid=0,1; active_crop_y=448..1600",assets_src/concepts/opera_regeneration_2026-08-01/cards/opera_world_master_racer.png,accepted,4.8
world_racer_c1r1,assets/opera/worlds/backdrops/world_racer_c1r1.png,359b2bdd82519239ce7de69bb50d4555c6d1e15a50407bfd008210de32ab66d5,1024x1024,p3_world_tile,"grid=1,1; active_crop_y=448..1600",assets_src/concepts/opera_regeneration_2026-08-01/cards/opera_world_master_racer.png,accepted,4.8
opera_stage_master_racer,assets_src/concepts/opera_regeneration_2026-08-01/cards/opera_stage_master_racer.png,c1f252560b9a9aa908a975cf9bb433c1540619c8315aaa0321a6e306270ea303,2048x2048,p3_stage,"active_crop=0,448,2048,1152",ImageGen native + non-subject edge continuation,accepted,4.8
stage_racer_c0r0,assets/opera/worlds/backdrops/stage_racer_c0r0.png,5946bdb91c6a3d70fa333220eb26a19c6af85f87f179eccd868f7845cd09a714,1024x1024,p3_stage_tile,"grid=0,0; active_crop_y=448..1600",assets_src/concepts/opera_regeneration_2026-08-01/cards/opera_stage_master_racer.png,accepted,4.8
stage_racer_c1r0,assets/opera/worlds/backdrops/stage_racer_c1r0.png,f462309608593159788cdf008cfefe42f4438b57c3304cc6a4a622595a75a1a8,1024x1024,p3_stage_tile,"grid=1,0; active_crop_y=448..1600",assets_src/concepts/opera_regeneration_2026-08-01/cards/opera_stage_master_racer.png,accepted,4.8
stage_racer_c0r1,assets/opera/worlds/backdrops/stage_racer_c0r1.png,acedb9b5797d263b5d6fbfa68361bbecd562242f4b9bbfd241704eb3b956e3f0,1024x1024,p3_stage_tile,"grid=0,1; active_crop_y=448..1600",assets_src/concepts/opera_regeneration_2026-08-01/cards/opera_stage_master_racer.png,accepted,4.8
stage_racer_c1r1,assets/opera/worlds/backdrops/stage_racer_c1r1.png,d66584c0a3ea8aa3c8c1cefce88a3c2d33e9a80d5405edcb670c2b53fe8bb9b5,1024x1024,p3_stage_tile,"grid=1,1; active_crop_y=448..1600",assets_src/concepts/opera_regeneration_2026-08-01/cards/opera_stage_master_racer.png,accepted,4.8
opera_world_master_popstar,assets_src/concepts/opera_regeneration_2026-08-01/cards/opera_world_master_popstar.png,f46c65011e17815335f20fecb512f93ebc450d3fed3c29e6ba8f95052d6d8713,2048x2048,p3_world,"active_crop=0,448,2048,1152",ImageGen native + non-subject edge continuation,accepted,4.8
world_popstar_c0r0,assets/opera/worlds/backdrops/world_popstar_c0r0.png,f62f57c392242f6017999654a4080490101a098f51e8277566fc42c9cb928e95,1024x1024,p3_world_tile,"grid=0,0; active_crop_y=448..1600",assets_src/concepts/opera_regeneration_2026-08-01/cards/opera_world_master_popstar.png,accepted,4.8
world_popstar_c1r0,assets/opera/worlds/backdrops/world_popstar_c1r0.png,c0eefd559f1e03cedbf536415c12125225202a0cd2f1c4d7b25fbb6ec7a1662c,1024x1024,p3_world_tile,"grid=1,0; active_crop_y=448..1600",assets_src/concepts/opera_regeneration_2026-08-01/cards/opera_world_master_popstar.png,accepted,4.8
world_popstar_c0r1,assets/opera/worlds/backdrops/world_popstar_c0r1.png,9fdc0bae230fc20d1fcf1ec6866afa66ed9cd9e113fc8f88715d5b41c8477dd8,1024x1024,p3_world_tile,"grid=0,1; active_crop_y=448..1600",assets_src/concepts/opera_regeneration_2026-08-01/cards/opera_world_master_popstar.png,accepted,4.8
world_popstar_c1r1,assets/opera/worlds/backdrops/world_popstar_c1r1.png,5032e57080a5efbd4377ea1815ee01ea6465ac672620f145d166c9aee7162483,1024x1024,p3_world_tile,"grid=1,1; active_crop_y=448..1600",assets_src/concepts/opera_regeneration_2026-08-01/cards/opera_world_master_popstar.png,accepted,4.8
opera_stage_master_popstar,assets_src/concepts/opera_regeneration_2026-08-01/cards/opera_stage_master_popstar.png,131f4c3a88ce398b1cb5a4c629470c523d36d06289f8c2029852b1eeebea2be9,2048x2048,p3_stage,"active_crop=0,448,2048,1152",ImageGen native + non-subject edge continuation,accepted,4.8
stage_popstar_c0r0,assets/opera/worlds/backdrops/stage_popstar_c0r0.png,364b5668f4486340de9c55a3e807c1f4213e54dbf4701021aa9e8332e108eba5,1024x1024,p3_stage_tile,"grid=0,0; active_crop_y=448..1600",assets_src/concepts/opera_regeneration_2026-08-01/cards/opera_stage_master_popstar.png,accepted,4.8
stage_popstar_c1r0,assets/opera/worlds/backdrops/stage_popstar_c1r0.png,56237d44961b8dba17fa628d809d0f30ae226997328cf818a4c2c42c56baca18,1024x1024,p3_stage_tile,"grid=1,0; active_crop_y=448..1600",assets_src/concepts/opera_regeneration_2026-08-01/cards/opera_stage_master_popstar.png,accepted,4.8
stage_popstar_c0r1,assets/opera/worlds/backdrops/stage_popstar_c0r1.png,6e4a669d5f66d1a98d78fb14c4d7313d74884969fc768f4e4f94de697189fc8a,1024x1024,p3_stage_tile,"grid=0,1; active_crop_y=448..1600",assets_src/concepts/opera_regeneration_2026-08-01/cards/opera_stage_master_popstar.png,accepted,4.8
stage_popstar_c1r1,assets/opera/worlds/backdrops/stage_popstar_c1r1.png,597a9ab911623ab600b538dd4a9535280651d5717a04fd6cdf7f51f37b081b8c,1024x1024,p3_stage_tile,"grid=1,1; active_crop_y=448..1600",assets_src/concepts/opera_regeneration_2026-08-01/cards/opera_stage_master_popstar.png,accepted,4.8
opera_world_master_nursery,assets_src/concepts/opera_regeneration_2026-08-01/cards/opera_world_master_nursery.png,c8c7a4d03e3925db68cfa782da82ad2aa542e2ded73b29a03a44d8bc56704234,2048x2048,p3_world,"active_crop=0,448,2048,1152",ImageGen native + non-subject edge continuation,accepted,4.8
world_nursery_c0r0,assets/opera/worlds/backdrops/world_nursery_c0r0.png,5d20765790aabf2d60c8d6b1b20ce47fe48b40c3d11ee3d96c13a1a488276de1,1024x1024,p3_world_tile,"grid=0,0; active_crop_y=448..1600",assets_src/concepts/opera_regeneration_2026-08-01/cards/opera_world_master_nursery.png,accepted,4.8
world_nursery_c1r0,assets/opera/worlds/backdrops/world_nursery_c1r0.png,ab3f2307e2bc53b44c7157b8b89b4ba0368da152726b46967e38f0d200158996,1024x1024,p3_world_tile,"grid=1,0; active_crop_y=448..1600",assets_src/concepts/opera_regeneration_2026-08-01/cards/opera_world_master_nursery.png,accepted,4.8
world_nursery_c0r1,assets/opera/worlds/backdrops/world_nursery_c0r1.png,62ad8b022a6244886f1d3d59fc3b7759b15a2c009f75a582609d5cf363df6ef3,1024x1024,p3_world_tile,"grid=0,1; active_crop_y=448..1600",assets_src/concepts/opera_regeneration_2026-08-01/cards/opera_world_master_nursery.png,accepted,4.8
world_nursery_c1r1,assets/opera/worlds/backdrops/world_nursery_c1r1.png,4a8b9efd245b1c0bb6f01781186e5f4b5beb5b8d986414cf190936a03be06ea6,1024x1024,p3_world_tile,"grid=1,1; active_crop_y=448..1600",assets_src/concepts/opera_regeneration_2026-08-01/cards/opera_world_master_nursery.png,accepted,4.8
opera_stage_master_nursery,assets_src/concepts/opera_regeneration_2026-08-01/cards/opera_stage_master_nursery.png,81e908f8575f3a1efa6225ce927f0bfd1b3c57dada16403ea8ecd95c141b0e16,2048x2048,p3_stage,"active_crop=0,448,2048,1152",ImageGen native + non-subject edge continuation,accepted,4.8
stage_nursery_c0r0,assets/opera/worlds/backdrops/stage_nursery_c0r0.png,40c0480521e6973ba7c3c98b1a46798683a7c8827e1ca141209d4dc263477467,1024x1024,p3_stage_tile,"grid=0,0; active_crop_y=448..1600",assets_src/concepts/opera_regeneration_2026-08-01/cards/opera_stage_master_nursery.png,accepted,4.8
stage_nursery_c1r0,assets/opera/worlds/backdrops/stage_nursery_c1r0.png,f5b3afdadffc06895badbea7d7d159b22fa222b4143d1b2f17e7b680bc27b525,1024x1024,p3_stage_tile,"grid=1,0; active_crop_y=448..1600",assets_src/concepts/opera_regeneration_2026-08-01/cards/opera_stage_master_nursery.png,accepted,4.8
stage_nursery_c0r1,assets/opera/worlds/backdrops/stage_nursery_c0r1.png,f3f8c20b91a5ae15a0318e197f1678838d8cd7b0217791af8a7030d429a59372,1024x1024,p3_stage_tile,"grid=0,1; active_crop_y=448..1600",assets_src/concepts/opera_regeneration_2026-08-01/cards/opera_stage_master_nursery.png,accepted,4.8
stage_nursery_c1r1,assets/opera/worlds/backdrops/stage_nursery_c1r1.png,7b57fae80ccd134f656bbe2d989721cebeef170f4e797e776152e3b20f1cd20e,1024x1024,p3_stage_tile,"grid=1,1; active_crop_y=448..1600",assets_src/concepts/opera_regeneration_2026-08-01/cards/opera_stage_master_nursery.png,accepted,4.8
opera_stage_finale_master_2048,assets_src/concepts/opera_regeneration_2026-08-01/cards/opera_stage_finale_master_2048.png,2b4f26c87d1d2e28d05f502758eb245b809322641729f1a095284aaf505d1366,2048x2048,p3_finale,"active_crop=0,448,2048,1152",ImageGen native + non-subject edge continuation,accepted,4.8
finale_stage_c0r0,assets/opera/worlds/stage/finale_stage_c0r0.png,8e6744af0f1f2ec529868e333d77fcc65250f0d3ae6d2eefcadcb5236d7b5f84,1024x1024,p3_finale_tile,"grid=0,0; active_crop_y=448..1600",assets_src/concepts/opera_regeneration_2026-08-01/cards/opera_stage_finale_master_2048.png,accepted,4.8
finale_stage_c1r0,assets/opera/worlds/stage/finale_stage_c1r0.png,d980a225ef35df8e2d7d32d2a7750d45c7ce5f85a59c396da695d4cd93f1d3ce,1024x1024,p3_finale_tile,"grid=1,0; active_crop_y=448..1600",assets_src/concepts/opera_regeneration_2026-08-01/cards/opera_stage_finale_master_2048.png,accepted,4.8
finale_stage_c0r1,assets/opera/worlds/stage/finale_stage_c0r1.png,4a00531df0587cafe91031cf6bd6b846e62973bee6df6b0c86a088e02581d420,1024x1024,p3_finale_tile,"grid=0,1; active_crop_y=448..1600",assets_src/concepts/opera_regeneration_2026-08-01/cards/opera_stage_finale_master_2048.png,accepted,4.8
finale_stage_c1r1,assets/opera/worlds/stage/finale_stage_c1r1.png,05309209b2ef4c30e4cc70424006ef3dbce7cd3b83f56ad41735e7a8b487ac9b,1024x1024,p3_finale_tile,"grid=1,1; active_crop_y=448..1600",assets_src/concepts/opera_regeneration_2026-08-01/cards/opera_stage_finale_master_2048.png,accepted,4.8
widget_gauge_chef,assets/opera/worlds/widgets/widget_gauge_chef.png,bf74076cd3d9bd745d34a648f7a5f65508d119a1489674578d6b8d013893a838,1024x608,p8_widget_backdrop,"pivot=512,500;sweep=150..30;green=30..72%",Path-A composition from approved cards,accepted,4.8
widget_gauge_chef,assets_src/concepts/opera_regeneration_2026-08-01/cards/widget_gauge_chef.png,bf74076cd3d9bd745d34a648f7a5f65508d119a1489674578d6b8d013893a838,1024x608,p8_widget_staging,"pivot=512,500;sweep=150..30;green=30..72%",assets/opera/worlds/widgets/widget_gauge_chef.png,accepted,4.8
widget_gauge_chef_success,assets/opera/worlds/widgets/widget_gauge_chef_success.png,2178e76e261786342ef0d937003a7775c26e56205eedf4097ba282e6f16aa3e7,1024x608,p8_widget_overlay,registered=1:1,widget_gauge_chef.png,accepted,4.8
widget_gauge_astronaut,assets/opera/worlds/widgets/widget_gauge_astronaut.png,17b4909b8d91b5d58caab495ccc37f166a7caa3e69e7be17b5ec5c823cc3cd8b,1024x608,p8_widget_backdrop,"pivot=512,500;sweep=150..30;green=30..72%",Path-A composition from approved cards,accepted,4.8
widget_gauge_astronaut,assets_src/concepts/opera_regeneration_2026-08-01/cards/widget_gauge_astronaut.png,17b4909b8d91b5d58caab495ccc37f166a7caa3e69e7be17b5ec5c823cc3cd8b,1024x608,p8_widget_staging,"pivot=512,500;sweep=150..30;green=30..72%",assets/opera/worlds/widgets/widget_gauge_astronaut.png,accepted,4.8
widget_gauge_astronaut_success,assets/opera/worlds/widgets/widget_gauge_astronaut_success.png,2178e76e261786342ef0d937003a7775c26e56205eedf4097ba282e6f16aa3e7,1024x608,p8_widget_overlay,registered=1:1,widget_gauge_astronaut.png,accepted,4.8
widget_gauge_racer,assets/opera/worlds/widgets/widget_gauge_racer.png,21cb4e5ca4a9b91610b39938b8f76135db0fb978608a00aba4677a759c3dd56a,1024x608,p8_widget_backdrop,"pivot=512,500;sweep=150..30;green=30..72%",Path-A composition from approved cards,accepted,4.8
widget_gauge_racer,assets_src/concepts/opera_regeneration_2026-08-01/cards/widget_gauge_racer.png,21cb4e5ca4a9b91610b39938b8f76135db0fb978608a00aba4677a759c3dd56a,1024x608,p8_widget_staging,"pivot=512,500;sweep=150..30;green=30..72%",assets/opera/worlds/widgets/widget_gauge_racer.png,accepted,4.8
widget_gauge_racer_success,assets/opera/worlds/widgets/widget_gauge_racer_success.png,2178e76e261786342ef0d937003a7775c26e56205eedf4097ba282e6f16aa3e7,1024x608,p8_widget_overlay,registered=1:1,widget_gauge_racer.png,accepted,4.8
widget_track_detective,assets/opera/worlds/widgets/widget_track_detective.png,a04f3f9df11caf4027ec1301b672d279cefb2a098e2f721c4888708b9695d5ce,1024x608,p8_widget_backdrop,run=123..901;y=400;green=356..683,Path-A composition from approved cards,accepted,4.8
widget_track_detective,assets_src/concepts/opera_regeneration_2026-08-01/cards/widget_track_detective.png,a04f3f9df11caf4027ec1301b672d279cefb2a098e2f721c4888708b9695d5ce,1024x608,p8_widget_staging,run=123..901;y=400;green=356..683,assets/opera/worlds/widgets/widget_track_detective.png,accepted,4.8
widget_track_detective_mover,assets/opera/worlds/widgets/widget_track_detective_mover.png,ed0868e052fdae232fd02d5be55a9fa1082232b6286d4e75158f1fedf5e13205,256x256,p8_widget_mover,track=123..901;y=400,widget_track_detective.png,accepted,4.8
widget_track_ballerina,assets/opera/worlds/widgets/widget_track_ballerina.png,9a3770554a3812004a840c3c7cc5cb160de7e26dfcb7f3c8c1ff7a51e2e7db96,1024x608,p8_widget_backdrop,run=123..901;y=400;green=356..683,Path-A composition from approved cards,accepted,4.8
widget_track_ballerina,assets_src/concepts/opera_regeneration_2026-08-01/cards/widget_track_ballerina.png,9a3770554a3812004a840c3c7cc5cb160de7e26dfcb7f3c8c1ff7a51e2e7db96,1024x608,p8_widget_staging,run=123..901;y=400;green=356..683,assets/opera/worlds/widgets/widget_track_ballerina.png,accepted,4.8
widget_track_ballerina_mover,assets/opera/worlds/widgets/widget_track_ballerina_mover.png,f8647bb2d56346db2ec9b187b29df45155310cef692e5a43f16a312bdf72f4a8,256x256,p8_widget_mover,track=123..901;y=400,widget_track_ballerina.png,accepted,4.8
widget_track_candymaker,assets/opera/worlds/widgets/widget_track_candymaker.png,4d320296f1de6d0ee19230c10e75ebed83402579fd40286e474f746d1c54c013,1024x608,p8_widget_backdrop,run=123..901;y=400;green=356..683,Path-A composition from approved cards,accepted,4.8
widget_track_candymaker,assets_src/concepts/opera_regeneration_2026-08-01/cards/widget_track_candymaker.png,4d320296f1de6d0ee19230c10e75ebed83402579fd40286e474f746d1c54c013,1024x608,p8_widget_staging,run=123..901;y=400;green=356..683,assets/opera/worlds/widgets/widget_track_candymaker.png,accepted,4.8
widget_track_candymaker_mover,assets/opera/worlds/widgets/widget_track_candymaker_mover.png,f206c7e2c4a42ee4ce1be83e696ab55c68db4f16de1470dc4115ab1f491202e4,256x256,p8_widget_mover,track=123..901;y=400,widget_track_candymaker.png,accepted,4.8
widget_track_farmer,assets/opera/worlds/widgets/widget_track_farmer.png,d21eede05efe123c7ca1853d65a4c8d591a6420f61af7d6dab16d8d020107623,1024x608,p8_widget_backdrop,run=123..901;y=400;green=356..683,Path-A composition from approved cards,accepted,4.8
widget_track_farmer,assets_src/concepts/opera_regeneration_2026-08-01/cards/widget_track_farmer.png,d21eede05efe123c7ca1853d65a4c8d591a6420f61af7d6dab16d8d020107623,1024x608,p8_widget_staging,run=123..901;y=400;green=356..683,assets/opera/worlds/widgets/widget_track_farmer.png,accepted,4.8
widget_track_farmer_mover,assets/opera/worlds/widgets/widget_track_farmer_mover.png,6cec921467c5c84d095ab260a6aa5aa1004102312d8eefa0fe8d485fc9c1af25,256x256,p8_widget_mover,track=123..901;y=400,widget_track_farmer.png,accepted,4.8
widget_track_boxer,assets/opera/worlds/widgets/widget_track_boxer.png,4137644505598d7f5816ae2fc14b250cbcbece891060d7af98c7db81db3313b7,1024x608,p8_widget_backdrop,run=123..901;y=400;green=356..683,Path-A composition from approved cards,accepted,4.8
widget_track_boxer,assets_src/concepts/opera_regeneration_2026-08-01/cards/widget_track_boxer.png,4137644505598d7f5816ae2fc14b250cbcbece891060d7af98c7db81db3313b7,1024x608,p8_widget_staging,run=123..901;y=400;green=356..683,assets/opera/worlds/widgets/widget_track_boxer.png,accepted,4.8
widget_track_boxer_mover,assets/opera/worlds/widgets/widget_track_boxer_mover.png,9af238fba0b1a9e1abd31ca52f252fe976a27947d225055d5b5bc1f2171a6c4f,256x256,p8_widget_mover,track=123..901;y=400,widget_track_boxer.png,accepted,4.8
widget_track_magician,assets/opera/worlds/widgets/widget_track_magician.png,4286e74883145fa8771b2fbbdff5ec6fdc6938688d20bbab41e721979ce9d053,1024x608,p8_widget_backdrop,run=123..901;y=400;green=356..683,Path-A composition from approved cards,accepted,4.8
widget_track_magician,assets_src/concepts/opera_regeneration_2026-08-01/cards/widget_track_magician.png,4286e74883145fa8771b2fbbdff5ec6fdc6938688d20bbab41e721979ce9d053,1024x608,p8_widget_staging,run=123..901;y=400;green=356..683,assets/opera/worlds/widgets/widget_track_magician.png,accepted,4.8
widget_track_magician_mover,assets/opera/worlds/widgets/widget_track_magician_mover.png,c98fd6f5fb6901b4b42109393d567f87a03d5059a2ea73f05d9e831ca7b73d08,256x256,p8_widget_mover,track=123..901;y=400,widget_track_magician.png,accepted,4.8
widget_track_popstar,assets/opera/worlds/widgets/widget_track_popstar.png,b0a85aa5218819adec6ef5c45e7df0c366c1b8132d8866cfb43ba97b6a18a615,1024x608,p8_widget_backdrop,run=123..901;y=400;green=356..683,Path-A composition from approved cards,accepted,4.8
widget_track_popstar,assets_src/concepts/opera_regeneration_2026-08-01/cards/widget_track_popstar.png,b0a85aa5218819adec6ef5c45e7df0c366c1b8132d8866cfb43ba97b6a18a615,1024x608,p8_widget_staging,run=123..901;y=400;green=356..683,assets/opera/worlds/widgets/widget_track_popstar.png,accepted,4.8
widget_track_popstar_mover,assets/opera/worlds/widgets/widget_track_popstar_mover.png,cf9295b36bcb99886b34a66d5bb98dd1c9e08bad0f47e5f7746ab512b10fb69d,256x256,p8_widget_mover,track=123..901;y=400,widget_track_popstar.png,accepted,4.8
widget_track_nursery,assets/opera/worlds/widgets/widget_track_nursery.png,e816ce9ebbfabc865d11de60a3b2bb2ce2576cbce568089a07571ad1369d35c3,1024x608,p8_widget_backdrop,run=123..901;y=400;green=356..683,Path-A composition from approved cards,accepted,4.8
widget_track_nursery,assets_src/concepts/opera_regeneration_2026-08-01/cards/widget_track_nursery.png,e816ce9ebbfabc865d11de60a3b2bb2ce2576cbce568089a07571ad1369d35c3,1024x608,p8_widget_staging,run=123..901;y=400;green=356..683,assets/opera/worlds/widgets/widget_track_nursery.png,accepted,4.8
widget_track_nursery_mover,assets/opera/worlds/widgets/widget_track_nursery_mover.png,396b26dc6a99235be461ce05a7fc4753e65e7ef9ee634fd0d6d1bc26cb4a5edc,256x256,p8_widget_mover,track=123..901;y=400,widget_track_nursery.png,accepted,4.8
widget_pour_chef,assets/opera/worlds/widgets/widget_pour_chef.png,8bc62039726c0eece7ef62cd3511ee3cd75802645dc2dcbfe17b6e6c5a037c27,1024x608,p8_widget_backdrop,"surface=1024x608;center=512,304",Path-A composition from approved cards,accepted,4.8
widget_pour_chef,assets_src/concepts/opera_regeneration_2026-08-01/cards/widget_pour_chef.png,8bc62039726c0eece7ef62cd3511ee3cd75802645dc2dcbfe17b6e6c5a037c27,1024x608,p8_widget_staging,"surface=1024x608;center=512,304",assets/opera/worlds/widgets/widget_pour_chef.png,accepted,4.8
widget_pour_chef_mover,assets/opera/worlds/widgets/widget_pour_chef_mover.png,598619318c6c840c74df1ef7e001f1afcaa2fadd9b1fdf2cc64e96278a140e8d,256x256,p8_widget_mover,"center=512,304",widget_pour_chef.png,accepted,4.8
widget_pour_chef_fill,assets/opera/worlds/widgets/widget_pour_chef_fill.png,00ae85f90ae2e2398cd45d79fb190fb7f0fc33682a254f666ad2fa0368763922,1024x608,p8_widget_overlay,crop=bottom_up;registered=1:1,widget_pour_chef.png,accepted,4.8
widget_pour_candymaker,assets/opera/worlds/widgets/widget_pour_candymaker.png,b9751ffc7fe7adbcddba932c3cee6f7d17401c8702a5317b05275eb462b2fc48,1024x608,p8_widget_backdrop,"surface=1024x608;center=512,304",Path-A composition from approved cards,accepted,4.8
widget_pour_candymaker,assets_src/concepts/opera_regeneration_2026-08-01/cards/widget_pour_candymaker.png,b9751ffc7fe7adbcddba932c3cee6f7d17401c8702a5317b05275eb462b2fc48,1024x608,p8_widget_staging,"surface=1024x608;center=512,304",assets/opera/worlds/widgets/widget_pour_candymaker.png,accepted,4.8
widget_pour_candymaker_mover,assets/opera/worlds/widgets/widget_pour_candymaker_mover.png,30d80da1c0f9f63559964aae445b8c317ed687a7284a89870c5e699050c003d2,256x256,p8_widget_mover,"center=512,304",widget_pour_candymaker.png,accepted,4.8
widget_pour_candymaker_fill,assets/opera/worlds/widgets/widget_pour_candymaker_fill.png,efa453800bfdcfeaaa0d5b929e04471e61fbadb51b4aca2d915f42ba6dd9b75c,1024x608,p8_widget_overlay,crop=bottom_up;registered=1:1,widget_pour_candymaker.png,accepted,4.8
widget_pour_painter,assets/opera/worlds/widgets/widget_pour_painter.png,ebf50d9e72d1f8cbf3d61dd0972283602fa21b661f63f3c29305b3b076f30687,1024x608,p8_widget_backdrop,"surface=1024x608;center=512,304",Path-A composition from approved cards,accepted,4.8
widget_pour_painter,assets_src/concepts/opera_regeneration_2026-08-01/cards/widget_pour_painter.png,ebf50d9e72d1f8cbf3d61dd0972283602fa21b661f63f3c29305b3b076f30687,1024x608,p8_widget_staging,"surface=1024x608;center=512,304",assets/opera/worlds/widgets/widget_pour_painter.png,accepted,4.8
widget_pour_painter_mover,assets/opera/worlds/widgets/widget_pour_painter_mover.png,3d05c496d134126b92572197a6d8c1334e2948184f32f790f642e11d0933a819,256x256,p8_widget_mover,"center=512,304",widget_pour_painter.png,accepted,4.8
widget_pour_painter_fill,assets/opera/worlds/widgets/widget_pour_painter_fill.png,00645a97a0923a875cba7603f2df0c8816a4cac0267baa84a8323fd43b78397d,1024x608,p8_widget_overlay,crop=bottom_up;registered=1:1,widget_pour_painter.png,accepted,4.8
widget_pour_nursery,assets/opera/worlds/widgets/widget_pour_nursery.png,19240d2d2971e38d62719cc0998a61f4ae3ff4ce84a94664e8a109a18e2c8c61,1024x608,p8_widget_backdrop,"surface=1024x608;center=512,304",Path-A composition from approved cards,accepted,4.8
widget_pour_nursery,assets_src/concepts/opera_regeneration_2026-08-01/cards/widget_pour_nursery.png,19240d2d2971e38d62719cc0998a61f4ae3ff4ce84a94664e8a109a18e2c8c61,1024x608,p8_widget_staging,"surface=1024x608;center=512,304",assets/opera/worlds/widgets/widget_pour_nursery.png,accepted,4.8
widget_pour_nursery_mover,assets/opera/worlds/widgets/widget_pour_nursery_mover.png,396b26dc6a99235be461ce05a7fc4753e65e7ef9ee634fd0d6d1bc26cb4a5edc,256x256,p8_widget_mover,"center=512,304",widget_pour_nursery.png,accepted,4.8
widget_pour_nursery_fill,assets/opera/worlds/widgets/widget_pour_nursery_fill.png,3432817f070911bc7e192f4059bd40b10fd7364e01085693fbe2e112d8d6711c,1024x608,p8_widget_overlay,crop=bottom_up;registered=1:1,widget_pour_nursery.png,accepted,4.8
widget_basin_doctor,assets/opera/worlds/widgets/widget_basin_doctor.png,4ac533cd383be7ba7aa8eb3fc679a1749f2e0c186ebed906b488e840d3e7fefd,1024x608,p8_widget_backdrop,"surface=1024x608;center=512,304",Path-A composition from approved cards,accepted,4.8
widget_basin_doctor,assets_src/concepts/opera_regeneration_2026-08-01/cards/widget_basin_doctor.png,4ac533cd383be7ba7aa8eb3fc679a1749f2e0c186ebed906b488e840d3e7fefd,1024x608,p8_widget_staging,"surface=1024x608;center=512,304",assets/opera/worlds/widgets/widget_basin_doctor.png,accepted,4.8
widget_basin_doctor_bubbles,assets/opera/worlds/widgets/widget_basin_doctor_bubbles.png,451e8a6f353351c2e55f33c7c5a0422f4ca728fb28b5180b16c48a7c2ecc9508,1024x608,p8_widget_overlay,crop=bottom_up;registered=1:1,widget_basin_doctor.png,accepted,4.8
widget_basin_nursery,assets/opera/worlds/widgets/widget_basin_nursery.png,e0f78dde69888d1303296464f1e02b325af9acf8d5e5621a61f3cc13a8bb6956,1024x608,p8_widget_backdrop,"surface=1024x608;center=512,304",Path-A composition from approved cards,accepted,4.8
widget_basin_nursery,assets_src/concepts/opera_regeneration_2026-08-01/cards/widget_basin_nursery.png,e0f78dde69888d1303296464f1e02b325af9acf8d5e5621a61f3cc13a8bb6956,1024x608,p8_widget_staging,"surface=1024x608;center=512,304",assets/opera/worlds/widgets/widget_basin_nursery.png,accepted,4.8
widget_basin_nursery_bubbles,assets/opera/worlds/widgets/widget_basin_nursery_bubbles.png,4973339acfb923df1748e8a2f5dc945985c8ddc8986838268ab9ebfd84e34cd2,1024x608,p8_widget_overlay,crop=bottom_up;registered=1:1,widget_basin_nursery.png,accepted,4.8
widget_charge_ballerina,assets/opera/worlds/widgets/widget_charge_ballerina.png,0a0ddfea8657c4502477b96b532a84d9d685e1cd37bbade4d0859954266f9fe7,1024x608,p8_widget_backdrop,"surface=1024x608;center=512,304",Path-A composition from approved cards,accepted,4.8
widget_charge_ballerina,assets_src/concepts/opera_regeneration_2026-08-01/cards/widget_charge_ballerina.png,0a0ddfea8657c4502477b96b532a84d9d685e1cd37bbade4d0859954266f9fe7,1024x608,p8_widget_staging,"surface=1024x608;center=512,304",assets/opera/worlds/widgets/widget_charge_ballerina.png,accepted,4.8
widget_charge_ballerina_glow,assets/opera/worlds/widgets/widget_charge_ballerina_glow.png,7a206365725676f5b6f1a5106a6b9f885bef3a88454fb3284c3bb4867ed3454c,256x256,p8_widget_mover,"subject_center=512,304",widget_charge_ballerina.png,accepted,4.8
widget_charge_ballerina_full,assets/opera/worlds/widgets/widget_charge_ballerina_full.png,f403de5b062f955f00976570366ce2e0b91df6395f4e5beb2bef17d76753504e,1024x608,p8_widget_overlay,"meter=940..1000,90..540",widget_charge_ballerina.png,accepted,4.8
widget_charge_farmer,assets/opera/worlds/widgets/widget_charge_farmer.png,d080f57444b56522911d88b10f53ead010748a9c12563535e11b778d608090bf,1024x608,p8_widget_backdrop,"surface=1024x608;center=512,304",Path-A composition from approved cards,accepted,4.8
widget_charge_farmer,assets_src/concepts/opera_regeneration_2026-08-01/cards/widget_charge_farmer.png,d080f57444b56522911d88b10f53ead010748a9c12563535e11b778d608090bf,1024x608,p8_widget_staging,"surface=1024x608;center=512,304",assets/opera/worlds/widgets/widget_charge_farmer.png,accepted,4.8
widget_charge_farmer_glow,assets/opera/worlds/widgets/widget_charge_farmer_glow.png,2c3612cb474ffbdec6124ca4ab0ce68263b42b6f2f651d82ff0adb96e99ac33d,256x256,p8_widget_mover,"subject_center=512,304",widget_charge_farmer.png,accepted,4.8
widget_charge_farmer_full,assets/opera/worlds/widgets/widget_charge_farmer_full.png,59fdb1f53298c52ec79bbbdbd7d428f97756b223ab963cc56fc7f6212c6d4d48,1024x608,p8_widget_overlay,"meter=940..1000,90..540",widget_charge_farmer.png,accepted,4.8
widget_charge_magician,assets/opera/worlds/widgets/widget_charge_magician.png,883ca8eea6b79f83b8fd194173d1d1ecf2ddd422e27b31597eb1cb76c5c37378,1024x608,p8_widget_backdrop,"surface=1024x608;center=512,304",Path-A composition from approved cards,accepted,4.8
widget_charge_magician,assets_src/concepts/opera_regeneration_2026-08-01/cards/widget_charge_magician.png,883ca8eea6b79f83b8fd194173d1d1ecf2ddd422e27b31597eb1cb76c5c37378,1024x608,p8_widget_staging,"surface=1024x608;center=512,304",assets/opera/worlds/widgets/widget_charge_magician.png,accepted,4.8
widget_charge_magician_glow,assets/opera/worlds/widgets/widget_charge_magician_glow.png,d2142426b33a30cf1e6cb0ce1ef929437f5f2c3cb466c39e5e699f94f9e4a8b3,256x256,p8_widget_mover,"subject_center=512,304",widget_charge_magician.png,accepted,4.8
widget_charge_magician_full,assets/opera/worlds/widgets/widget_charge_magician_full.png,47f87bac5ae31dd9b91278741b2360e23e38d87be2c203b3ea0fced5af41268e,1024x608,p8_widget_overlay,"meter=940..1000,90..540",widget_charge_magician.png,accepted,4.8
widget_charge_astronaut,assets/opera/worlds/widgets/widget_charge_astronaut.png,8e2e2546a4bd65639ed15bb52292fb6331bcbcc7cf82b4f0ffd381ef9163410e,1024x608,p8_widget_backdrop,"surface=1024x608;center=512,304",Path-A composition from approved cards,accepted,4.8
widget_charge_astronaut,assets_src/concepts/opera_regeneration_2026-08-01/cards/widget_charge_astronaut.png,8e2e2546a4bd65639ed15bb52292fb6331bcbcc7cf82b4f0ffd381ef9163410e,1024x608,p8_widget_staging,"surface=1024x608;center=512,304",assets/opera/worlds/widgets/widget_charge_astronaut.png,accepted,4.8
widget_charge_astronaut_glow,assets/opera/worlds/widgets/widget_charge_astronaut_glow.png,85cb78ee6fe181d85f55908d4f882b5bb60d54e698df86fbf3c7c730e0014bde,256x256,p8_widget_mover,"subject_center=512,304",widget_charge_astronaut.png,accepted,4.8
widget_charge_astronaut_full,assets/opera/worlds/widgets/widget_charge_astronaut_full.png,9bd4621c77250c6d23d67eba5502b96063edb93b4f0da60cf49963a18ba7ff77,1024x608,p8_widget_overlay,"meter=940..1000,90..540",widget_charge_astronaut.png,accepted,4.8
widget_charge_popstar,assets/opera/worlds/widgets/widget_charge_popstar.png,00fc91626c4f86cb43ff69744001386fbcf46f3fcea6053eeb6d293cc0f3567d,1024x608,p8_widget_backdrop,"surface=1024x608;center=512,304",Path-A composition from approved cards,accepted,4.8
widget_charge_popstar,assets_src/concepts/opera_regeneration_2026-08-01/cards/widget_charge_popstar.png,00fc91626c4f86cb43ff69744001386fbcf46f3fcea6053eeb6d293cc0f3567d,1024x608,p8_widget_staging,"surface=1024x608;center=512,304",assets/opera/worlds/widgets/widget_charge_popstar.png,accepted,4.8
widget_charge_popstar_glow,assets/opera/worlds/widgets/widget_charge_popstar_glow.png,539ceba14292aa9dca90bf35a205b53873d9769a41ebead02fddcf141abb8ddd,256x256,p8_widget_mover,"subject_center=512,304",widget_charge_popstar.png,accepted,4.8
widget_charge_popstar_full,assets/opera/worlds/widgets/widget_charge_popstar_full.png,9e5086d90ca84e3c19751e4ae0285407df26c5658792fa4aec88ec127d14a2c8,1024x608,p8_widget_overlay,"meter=940..1000,90..540",widget_charge_popstar.png,accepted,4.8
widget_crank_chef,assets/opera/worlds/widgets/widget_crank_chef.png,a6071428ea665996b6b9a87eabc6442f3a7e6bb048215aba0c004aa365a13da2,1024x608,p8_widget_backdrop,"surface=1024x608;center=512,304",Path-A composition from approved cards,accepted,4.8
widget_crank_chef,assets_src/concepts/opera_regeneration_2026-08-01/cards/widget_crank_chef.png,a6071428ea665996b6b9a87eabc6442f3a7e6bb048215aba0c004aa365a13da2,1024x608,p8_widget_staging,"surface=1024x608;center=512,304",assets/opera/worlds/widgets/widget_crank_chef.png,accepted,4.8
widget_crank_chef_mover,assets/opera/worlds/widgets/widget_crank_chef_mover.png,aa05e3bc9f33264f3d424fd4ea0869870b7c4e3f5ce3aad92de5daf9830b85e0,256x256,p8_widget_mover,"pivot=128,128;zero=up",widget_crank_chef.png,accepted,4.8
widget_crank_chef_progress,assets/opera/worlds/widgets/widget_crank_chef_progress.png,fb9ca374f780a950c5756c43031a08eb8eafbaffe33962925d5afdecf04bb165,1024x608,p8_widget_overlay,"center=512,304;registered=1:1",widget_crank_chef.png,accepted,4.8
widget_crank_ballerina,assets/opera/worlds/widgets/widget_crank_ballerina.png,b7131b3c40da16bbd93e226add01f52cef5f0eb31335cf593cab7718a8fc5f3a,1024x608,p8_widget_backdrop,"surface=1024x608;center=512,304",Path-A composition from approved cards,accepted,4.8
widget_crank_ballerina,assets_src/concepts/opera_regeneration_2026-08-01/cards/widget_crank_ballerina.png,b7131b3c40da16bbd93e226add01f52cef5f0eb31335cf593cab7718a8fc5f3a,1024x608,p8_widget_staging,"surface=1024x608;center=512,304",assets/opera/worlds/widgets/widget_crank_ballerina.png,accepted,4.8
widget_crank_ballerina_mover,assets/opera/worlds/widgets/widget_crank_ballerina_mover.png,4036b45ea0ba15fe4f82425ead00d090300b972f08994248bfad07274112033f,256x256,p8_widget_mover,"pivot=128,128;zero=up",widget_crank_ballerina.png,accepted,4.8
widget_crank_ballerina_progress,assets/opera/worlds/widgets/widget_crank_ballerina_progress.png,565ea6ea262a177428242d4652077224aef6307b1e8756f9597981a9b00d4c0e,1024x608,p8_widget_overlay,"center=512,304;registered=1:1",widget_crank_ballerina.png,accepted,4.8
widget_crank_candymaker,assets/opera/worlds/widgets/widget_crank_candymaker.png,555234adf644fb4b28f52173dd116b438ce3a9fcebf2bf194a88f3b77220893e,1024x608,p8_widget_backdrop,"surface=1024x608;center=512,304",Path-A composition from approved cards,accepted,4.8
widget_crank_candymaker,assets_src/concepts/opera_regeneration_2026-08-01/cards/widget_crank_candymaker.png,555234adf644fb4b28f52173dd116b438ce3a9fcebf2bf194a88f3b77220893e,1024x608,p8_widget_staging,"surface=1024x608;center=512,304",assets/opera/worlds/widgets/widget_crank_candymaker.png,accepted,4.8
widget_crank_candymaker_mover,assets/opera/worlds/widgets/widget_crank_candymaker_mover.png,4e77bdc100f28a4a4639190c9be820ed9b05f6361d7ebf16fb250dbde92b585f,256x256,p8_widget_mover,"pivot=128,128;zero=up",widget_crank_candymaker.png,accepted,4.8
widget_crank_candymaker_progress,assets/opera/worlds/widgets/widget_crank_candymaker_progress.png,abf4e89876709e9093157eab4fdaadc30713f475deabb409d9d6958a5d3480f1,1024x608,p8_widget_overlay,"center=512,304;registered=1:1",widget_crank_candymaker.png,accepted,4.8
widget_crank_doctor,assets/opera/worlds/widgets/widget_crank_doctor.png,7022b93eda577ff888d0c994ff6e79f103bff5b2531cb8700c34cea6c2d1deb2,1024x608,p8_widget_backdrop,"surface=1024x608;center=512,304",Path-A composition from approved cards,accepted,4.8
widget_crank_doctor,assets_src/concepts/opera_regeneration_2026-08-01/cards/widget_crank_doctor.png,7022b93eda577ff888d0c994ff6e79f103bff5b2531cb8700c34cea6c2d1deb2,1024x608,p8_widget_staging,"surface=1024x608;center=512,304",assets/opera/worlds/widgets/widget_crank_doctor.png,accepted,4.8
widget_crank_doctor_mover,assets/opera/worlds/widgets/widget_crank_doctor_mover.png,97444bdd816b53b883478b805647cdcfb15050afcf8d281a7422400639c6544f,256x256,p8_widget_mover,"pivot=128,128;zero=up",widget_crank_doctor.png,accepted,4.8
widget_crank_doctor_progress,assets/opera/worlds/widgets/widget_crank_doctor_progress.png,451e8a6f353351c2e55f33c7c5a0422f4ca728fb28b5180b16c48a7c2ecc9508,1024x608,p8_widget_overlay,"center=512,304;registered=1:1",widget_crank_doctor.png,accepted,4.8
widget_crank_magician,assets/opera/worlds/widgets/widget_crank_magician.png,33718b0b2ad3e5e60752d0cb88fadae5d8ebfab99965f0e0123562e5f5ae9f95,1024x608,p8_widget_backdrop,"surface=1024x608;center=512,304",Path-A composition from approved cards,accepted,4.8
widget_crank_magician,assets_src/concepts/opera_regeneration_2026-08-01/cards/widget_crank_magician.png,33718b0b2ad3e5e60752d0cb88fadae5d8ebfab99965f0e0123562e5f5ae9f95,1024x608,p8_widget_staging,"surface=1024x608;center=512,304",assets/opera/worlds/widgets/widget_crank_magician.png,accepted,4.8
widget_crank_magician_mover,assets/opera/worlds/widgets/widget_crank_magician_mover.png,040a87409af0fcf9b31bc41aec3c245bd8a5160d7f5ce133203d15996cca1b1f,256x256,p8_widget_mover,"pivot=128,128;zero=up",widget_crank_magician.png,accepted,4.8
widget_crank_magician_progress,assets/opera/worlds/widgets/widget_crank_magician_progress.png,7ced84665da8bebe30a04bba8b90bb632a87d1e63bc53dc8da5cbe2022ecc6eb,1024x608,p8_widget_overlay,"center=512,304;registered=1:1",widget_crank_magician.png,accepted,4.8
widget_crank_painter,assets/opera/worlds/widgets/widget_crank_painter.png,a4261ccfed11c1710db2858be57668405b14391ef336534a3d36ac660b21bbb4,1024x608,p8_widget_backdrop,"surface=1024x608;center=512,304",Path-A composition from approved cards,accepted,4.8
widget_crank_painter,assets_src/concepts/opera_regeneration_2026-08-01/cards/widget_crank_painter.png,a4261ccfed11c1710db2858be57668405b14391ef336534a3d36ac660b21bbb4,1024x608,p8_widget_staging,"surface=1024x608;center=512,304",assets/opera/worlds/widgets/widget_crank_painter.png,accepted,4.8
widget_crank_painter_mover,assets/opera/worlds/widgets/widget_crank_painter_mover.png,f453b73cafbbb9bdc46f7ec2394ca2a89d944e1d458c73b8303e1eeb85e361c5,256x256,p8_widget_mover,"pivot=128,128;zero=up",widget_crank_painter.png,accepted,4.8
widget_crank_painter_progress,assets/opera/worlds/widgets/widget_crank_painter_progress.png,95c7fda8a47d79e6af32d409e69966f93b03b299fe5bcdae4cc0bd1b9d6fa819,1024x608,p8_widget_overlay,"center=512,304;registered=1:1",widget_crank_painter.png,accepted,4.8
widget_crank_astronaut,assets/opera/worlds/widgets/widget_crank_astronaut.png,d87238e8012e2166c929ed81fad317fbbe14665d0ce6026e9e6781b064ba0b54,1024x608,p8_widget_backdrop,"surface=1024x608;center=512,304",Path-A composition from approved cards,accepted,4.8
widget_crank_astronaut,assets_src/concepts/opera_regeneration_2026-08-01/cards/widget_crank_astronaut.png,d87238e8012e2166c929ed81fad317fbbe14665d0ce6026e9e6781b064ba0b54,1024x608,p8_widget_staging,"surface=1024x608;center=512,304",assets/opera/worlds/widgets/widget_crank_astronaut.png,accepted,4.8
widget_crank_astronaut_mover,assets/opera/worlds/widgets/widget_crank_astronaut_mover.png,317c5463708b797df38d8a56b32d5cf2d067c33607e02424ab6f759e681ba7b5,256x256,p8_widget_mover,"pivot=128,128;zero=up",widget_crank_astronaut.png,accepted,4.8
widget_crank_astronaut_progress,assets/opera/worlds/widgets/widget_crank_astronaut_progress.png,fa8304b9f3115e22ffe3689f6cfb6505374b613c4ac6c58453369f25624fd70f,1024x608,p8_widget_overlay,"center=512,304;registered=1:1",widget_crank_astronaut.png,accepted,4.8
widget_crank_racer,assets/opera/worlds/widgets/widget_crank_racer.png,62332ec15a9994e5cc79abb212f7a3f93447d2ca08f94c24432ce8dd992ed8cf,1024x608,p8_widget_backdrop,"surface=1024x608;center=512,304",Path-A composition from approved cards,accepted,4.8
widget_crank_racer,assets_src/concepts/opera_regeneration_2026-08-01/cards/widget_crank_racer.png,62332ec15a9994e5cc79abb212f7a3f93447d2ca08f94c24432ce8dd992ed8cf,1024x608,p8_widget_staging,"surface=1024x608;center=512,304",assets/opera/worlds/widgets/widget_crank_racer.png,accepted,4.8
widget_crank_racer_mover,assets/opera/worlds/widgets/widget_crank_racer_mover.png,20bf4974ee56b3eaba74e41cd67fc01119ae427eee2d6720ba6656d1daed8b41,256x256,p8_widget_mover,"pivot=128,128;zero=up",widget_crank_racer.png,accepted,4.8
widget_crank_racer_progress,assets/opera/worlds/widgets/widget_crank_racer_progress.png,ebf9f2125f2a3a9fffa7dbbee7e5fa9fd97e31d4ec03892b3c2a4bc2c3f5a8a4,1024x608,p8_widget_overlay,"center=512,304;registered=1:1",widget_crank_racer.png,accepted,4.8
widget_crank_popstar,assets/opera/worlds/widgets/widget_crank_popstar.png,edfdb4d9e090542d38da5de0dece4c3f6c2330426c4f84cbf1256e57f7f9ec5d,1024x608,p8_widget_backdrop,"surface=1024x608;center=512,304",Path-A composition from approved cards,accepted,4.8
widget_crank_popstar,assets_src/concepts/opera_regeneration_2026-08-01/cards/widget_crank_popstar.png,edfdb4d9e090542d38da5de0dece4c3f6c2330426c4f84cbf1256e57f7f9ec5d,1024x608,p8_widget_staging,"surface=1024x608;center=512,304",assets/opera/worlds/widgets/widget_crank_popstar.png,accepted,4.8
widget_crank_popstar_mover,assets/opera/worlds/widgets/widget_crank_popstar_mover.png,fad0ceab59ccec9ed049a289463d171ab4e63c6c2c5c74697cca1555f8856ec0,256x256,p8_widget_mover,"pivot=128,128;zero=up",widget_crank_popstar.png,accepted,4.8
widget_crank_popstar_progress,assets/opera/worlds/widgets/widget_crank_popstar_progress.png,d477cec01492e99fb0eaa614048898f029e61799a9c3f92bbb178ea22baf5203,1024x608,p8_widget_overlay,"center=512,304;registered=1:1",widget_crank_popstar.png,accepted,4.8
widget_trace_chef,assets/opera/worlds/widgets/widget_trace_chef.png,81143e828b8cc4301bf10d2cbe9853402c2694df7e2199d8a80c41c7a447f0db,1024x608,p8_widget_backdrop,"surface=1024x608;center=512,304",Path-A composition from approved cards,accepted,4.8
widget_trace_chef,assets_src/concepts/opera_regeneration_2026-08-01/cards/widget_trace_chef.png,81143e828b8cc4301bf10d2cbe9853402c2694df7e2199d8a80c41c7a447f0db,1024x608,p8_widget_staging,"surface=1024x608;center=512,304",assets/opera/worlds/widgets/widget_trace_chef.png,accepted,4.8
widget_trace_chef_lit,assets/opera/worlds/widgets/widget_trace_chef_lit.png,0b4ec644dd3b759da01f2bf51ed0139dff78ebc3e67b0b246832c5d1b06b0683,1024x608,p8_widget_overlay,crop=left_to_right;monotonic_x,widget_trace_chef.png,accepted,4.8
widget_trace_detective,assets/opera/worlds/widgets/widget_trace_detective.png,cb0a6e4437c1c6f57599503ab5ac4f1b4a27cf99adf4349c2931e256da085e70,1024x608,p8_widget_backdrop,"surface=1024x608;center=512,304",Path-A composition from approved cards,accepted,4.8
widget_trace_detective,assets_src/concepts/opera_regeneration_2026-08-01/cards/widget_trace_detective.png,cb0a6e4437c1c6f57599503ab5ac4f1b4a27cf99adf4349c2931e256da085e70,1024x608,p8_widget_staging,"surface=1024x608;center=512,304",assets/opera/worlds/widgets/widget_trace_detective.png,accepted,4.8
widget_trace_detective_lit,assets/opera/worlds/widgets/widget_trace_detective_lit.png,43df538dd1ae86eb8b33568eb63c1caaeb328f43607e5715ab997f3720f80e20,1024x608,p8_widget_overlay,crop=left_to_right;monotonic_x,widget_trace_detective.png,accepted,4.8
widget_trace_ballerina,assets/opera/worlds/widgets/widget_trace_ballerina.png,5ce3d068692a18d62d4ffa44e52ef32817f5118a8d2fb7e43c45f3c72383de12,1024x608,p8_widget_backdrop,"surface=1024x608;center=512,304",Path-A composition from approved cards,accepted,4.8
widget_trace_ballerina,assets_src/concepts/opera_regeneration_2026-08-01/cards/widget_trace_ballerina.png,5ce3d068692a18d62d4ffa44e52ef32817f5118a8d2fb7e43c45f3c72383de12,1024x608,p8_widget_staging,"surface=1024x608;center=512,304",assets/opera/worlds/widgets/widget_trace_ballerina.png,accepted,4.8
widget_trace_ballerina_lit,assets/opera/worlds/widgets/widget_trace_ballerina_lit.png,bbe4169aba9bd477592b665b08833e245c8a5b38567c238d50576e0406c4f937,1024x608,p8_widget_overlay,crop=left_to_right;monotonic_x,widget_trace_ballerina.png,accepted,4.8
widget_trace_doctor,assets/opera/worlds/widgets/widget_trace_doctor.png,204fa04773f8060fe1141a0e60ba40d97305323b2f304e205aefbd6a5b2d80b1,1024x608,p8_widget_backdrop,"surface=1024x608;center=512,304",Path-A composition from approved cards,accepted,4.8
widget_trace_doctor,assets_src/concepts/opera_regeneration_2026-08-01/cards/widget_trace_doctor.png,204fa04773f8060fe1141a0e60ba40d97305323b2f304e205aefbd6a5b2d80b1,1024x608,p8_widget_staging,"surface=1024x608;center=512,304",assets/opera/worlds/widgets/widget_trace_doctor.png,accepted,4.8
widget_trace_doctor_lit,assets/opera/worlds/widgets/widget_trace_doctor_lit.png,6f3ac373c3cd0129fe353820aaa56b29c34bef9176c69afa85f394eeb100a0b2,1024x608,p8_widget_overlay,crop=left_to_right;monotonic_x,widget_trace_doctor.png,accepted,4.8
widget_trace_magician,assets/opera/worlds/widgets/widget_trace_magician.png,7999afc7ea691a47dbd8b7d175e1f902a6d21ed8947f30da548e7f1bea37d1cd,1024x608,p8_widget_backdrop,"surface=1024x608;center=512,304",Path-A composition from approved cards,accepted,4.8
widget_trace_magician,assets_src/concepts/opera_regeneration_2026-08-01/cards/widget_trace_magician.png,7999afc7ea691a47dbd8b7d175e1f902a6d21ed8947f30da548e7f1bea37d1cd,1024x608,p8_widget_staging,"surface=1024x608;center=512,304",assets/opera/worlds/widgets/widget_trace_magician.png,accepted,4.8
widget_trace_magician_lit,assets/opera/worlds/widgets/widget_trace_magician_lit.png,a5000ca05141bfe92e911699c8a18f265fd9180427bd582c03b109f965639991,1024x608,p8_widget_overlay,crop=left_to_right;monotonic_x,widget_trace_magician.png,accepted,4.8
widget_trace_painter,assets/opera/worlds/widgets/widget_trace_painter.png,de48802bfa8a9b23b3415ba200e4efe3b81e682737590257d24e2da1b0126bbe,1024x608,p8_widget_backdrop,"surface=1024x608;center=512,304",Path-A composition from approved cards,accepted,4.8
widget_trace_painter,assets_src/concepts/opera_regeneration_2026-08-01/cards/widget_trace_painter.png,de48802bfa8a9b23b3415ba200e4efe3b81e682737590257d24e2da1b0126bbe,1024x608,p8_widget_staging,"surface=1024x608;center=512,304",assets/opera/worlds/widgets/widget_trace_painter.png,accepted,4.8
widget_trace_painter_lit,assets/opera/worlds/widgets/widget_trace_painter_lit.png,aca76c1d8120c4d7958ca25ce1acff05e9f6ec113c903819bb4f7ee71e96fe8c,1024x608,p8_widget_overlay,crop=left_to_right;monotonic_x,widget_trace_painter.png,accepted,4.8
widget_push_farmer,assets/opera/worlds/widgets/widget_push_farmer.png,4d65cb43f599b096a16215b80673ec8dd60c994a0128256ab4e597afeac2107b,1024x608,p8_widget_backdrop,"surface=1024x608;center=512,304",Path-A composition from approved cards,accepted,4.8
widget_push_farmer,assets_src/concepts/opera_regeneration_2026-08-01/cards/widget_push_farmer.png,4d65cb43f599b096a16215b80673ec8dd60c994a0128256ab4e597afeac2107b,1024x608,p8_widget_staging,"surface=1024x608;center=512,304",assets/opera/worlds/widgets/widget_push_farmer.png,accepted,4.8
widget_push_farmer_mover,assets/opera/worlds/widgets/widget_push_farmer_mover.png,6585928a93a20f35b8e9ca54e1212085227c97158be3f95148e9f308918d2622,256x256,p8_widget_mover,"anchor=512,304",widget_push_farmer.png,accepted,4.8
widget_push_boxer,assets/opera/worlds/widgets/widget_push_boxer.png,a9e226a92133f2cafc86f687f22800a826e757fa100d7fc232777dfb68046582,1024x608,p8_widget_backdrop,"surface=1024x608;center=512,304",Path-A composition from approved cards,accepted,4.8
widget_push_boxer,assets_src/concepts/opera_regeneration_2026-08-01/cards/widget_push_boxer.png,a9e226a92133f2cafc86f687f22800a826e757fa100d7fc232777dfb68046582,1024x608,p8_widget_staging,"surface=1024x608;center=512,304",assets/opera/worlds/widgets/widget_push_boxer.png,accepted,4.8
widget_push_boxer_mover,assets/opera/worlds/widgets/widget_push_boxer_mover.png,6472eb5276ff33e8c91a1d46d7b85f03ea3b16c22e3d4643f3ac67284d8c4886,256x256,p8_widget_mover,"anchor=512,304",widget_push_boxer.png,accepted,4.8
widget_push_racer,assets/opera/worlds/widgets/widget_push_racer.png,848906b6158462037a9a7cf7939b8e3665c84431e4ba14627d55afd9b76be9c2,1024x608,p8_widget_backdrop,"surface=1024x608;center=512,304",Path-A composition from approved cards,accepted,4.8
widget_push_racer,assets_src/concepts/opera_regeneration_2026-08-01/cards/widget_push_racer.png,848906b6158462037a9a7cf7939b8e3665c84431e4ba14627d55afd9b76be9c2,1024x608,p8_widget_staging,"surface=1024x608;center=512,304",assets/opera/worlds/widgets/widget_push_racer.png,accepted,4.8
widget_push_racer_mover,assets/opera/worlds/widgets/widget_push_racer_mover.png,9f364cb8b77cc61ed67ef490a19d45d10d8651265fe5e6f8a17c10c73f1c2bde,256x256,p8_widget_mover,"anchor=512,304",widget_push_racer.png,accepted,4.8
widget_push_nursery,assets/opera/worlds/widgets/widget_push_nursery.png,d575b7e4d2b9a4c13fd42c9aba5943400d2b88e91b74607001ee96f174bc7457,1024x608,p8_widget_backdrop,"surface=1024x608;center=512,304",Path-A composition from approved cards,accepted,4.8
widget_push_nursery,assets_src/concepts/opera_regeneration_2026-08-01/cards/widget_push_nursery.png,d575b7e4d2b9a4c13fd42c9aba5943400d2b88e91b74607001ee96f174bc7457,1024x608,p8_widget_staging,"surface=1024x608;center=512,304",assets/opera/worlds/widgets/widget_push_nursery.png,accepted,4.8
widget_push_nursery_mover,assets/opera/worlds/widgets/widget_push_nursery_mover.png,396b26dc6a99235be461ce05a7fc4753e65e7ef9ee634fd0d6d1bc26cb4a5edc,256x256,p8_widget_mover,"anchor=512,304",widget_push_nursery.png,accepted,4.8
widget_target_chef,assets/opera/worlds/widgets/widget_target_chef.png,8154c48db50f8c6d5615381d94da48c3754b2f7f207392cef2586cb8826c3c28,1024x608,p8_widget_backdrop,"roam=205..819,146..462",Path-A composition from approved cards,accepted,4.8
widget_target_chef,assets_src/concepts/opera_regeneration_2026-08-01/cards/widget_target_chef.png,8154c48db50f8c6d5615381d94da48c3754b2f7f207392cef2586cb8826c3c28,1024x608,p8_widget_staging,"roam=205..819,146..462",assets/opera/worlds/widgets/widget_target_chef.png,accepted,4.8
widget_target_chef_mover,assets/opera/worlds/widgets/widget_target_chef_mover.png,8a405e8aa7bcb2f7f36ace95967ec2d577d28e418e0303b49c64dcfa6ee31203,256x256,p8_widget_mover,"roam=205..819,146..462",widget_target_chef.png,accepted,4.8
widget_target_chef_mark,assets/opera/worlds/widgets/widget_target_chef_mark.png,7d1a930f7585940004580198ed0d563dfaa0a62c1ac26313b9dadbaa3999ef41,128x128,p8_widget_stamp,"pivot=64,64",widget_target_chef.png,accepted,4.8
widget_target_candymaker,assets/opera/worlds/widgets/widget_target_candymaker.png,bcf00f8b6b2e7893e4d998d9ae1db518800b606e30bd9e8c6ad12c0827e51210,1024x608,p8_widget_backdrop,"roam=205..819,146..462",Path-A composition from approved cards,accepted,4.8
widget_target_candymaker,assets_src/concepts/opera_regeneration_2026-08-01/cards/widget_target_candymaker.png,bcf00f8b6b2e7893e4d998d9ae1db518800b606e30bd9e8c6ad12c0827e51210,1024x608,p8_widget_staging,"roam=205..819,146..462",assets/opera/worlds/widgets/widget_target_candymaker.png,accepted,4.8
widget_target_candymaker_mover,assets/opera/worlds/widgets/widget_target_candymaker_mover.png,b8c18e292f5b0265679b1c0eb4cbf43f7625024fb49497d8d05019471ab87d2f,256x256,p8_widget_mover,"roam=205..819,146..462",widget_target_candymaker.png,accepted,4.8
widget_target_candymaker_mark,assets/opera/worlds/widgets/widget_target_candymaker_mark.png,b640d3d71aa9b4a421d302d9bd3d18568cb7df747f2bdad0784494c15af1d081,128x128,p8_widget_stamp,"pivot=64,64",widget_target_candymaker.png,accepted,4.8
widget_target_doctor,assets/opera/worlds/widgets/widget_target_doctor.png,4e4c2a24d38a2298968f93890585086a17df3d140bd145ee8ac0e681c956193b,1024x608,p8_widget_backdrop,"roam=205..819,146..462",Path-A composition from approved cards,accepted,4.8
widget_target_doctor,assets_src/concepts/opera_regeneration_2026-08-01/cards/widget_target_doctor.png,4e4c2a24d38a2298968f93890585086a17df3d140bd145ee8ac0e681c956193b,1024x608,p8_widget_staging,"roam=205..819,146..462",assets/opera/worlds/widgets/widget_target_doctor.png,accepted,4.8
widget_target_doctor_mover,assets/opera/worlds/widgets/widget_target_doctor_mover.png,b11eed914519ad9c0db6d4548e49eec2b0c09aa2b9a95c9452cce6028f44dbe0,256x256,p8_widget_mover,"roam=205..819,146..462",widget_target_doctor.png,accepted,4.8
widget_target_doctor_mark,assets/opera/worlds/widgets/widget_target_doctor_mark.png,c1005fecff91b0b7634e00a2e61d4f49c015a370e38e45b5fbf336a361fb6081,128x128,p8_widget_stamp,"pivot=64,64",widget_target_doctor.png,accepted,4.8
widget_target_farmer,assets/opera/worlds/widgets/widget_target_farmer.png,b699e95d72bf2173c587c3346e92a44a43542402a07fe718b057c67c7ee1d10a,1024x608,p8_widget_backdrop,"roam=205..819,146..462",Path-A composition from approved cards,accepted,4.8
widget_target_farmer,assets_src/concepts/opera_regeneration_2026-08-01/cards/widget_target_farmer.png,b699e95d72bf2173c587c3346e92a44a43542402a07fe718b057c67c7ee1d10a,1024x608,p8_widget_staging,"roam=205..819,146..462",assets/opera/worlds/widgets/widget_target_farmer.png,accepted,4.8
widget_target_farmer_mover,assets/opera/worlds/widgets/widget_target_farmer_mover.png,f82af116981992a3da556830ea53069a095abd34cb23180fd6ed50b465755b72,256x256,p8_widget_mover,"roam=205..819,146..462",widget_target_farmer.png,accepted,4.8
widget_target_farmer_mark,assets/opera/worlds/widgets/widget_target_farmer_mark.png,c76df778e69a08409179527b321e7c4a2536fa1ae2e06655d5c590e5777cc9bc,128x128,p8_widget_stamp,"pivot=64,64",widget_target_farmer.png,accepted,4.8
widget_target_boxer,assets/opera/worlds/widgets/widget_target_boxer.png,c3bfa12147a7e4499e8f8d67136798cb125cebbd1e29ec4e4914fcb37a880e3c,1024x608,p8_widget_backdrop,"roam=205..819,146..462",Path-A composition from approved cards,accepted,4.8
widget_target_boxer,assets_src/concepts/opera_regeneration_2026-08-01/cards/widget_target_boxer.png,c3bfa12147a7e4499e8f8d67136798cb125cebbd1e29ec4e4914fcb37a880e3c,1024x608,p8_widget_staging,"roam=205..819,146..462",assets/opera/worlds/widgets/widget_target_boxer.png,accepted,4.8
widget_target_boxer_mover,assets/opera/worlds/widgets/widget_target_boxer_mover.png,822a8a675ae7038a009885ee9c532d6ab3e6f53f5fa1463c4e5d7b834271f681,256x256,p8_widget_mover,"roam=205..819,146..462",widget_target_boxer.png,accepted,4.8
widget_target_boxer_mark,assets/opera/worlds/widgets/widget_target_boxer_mark.png,e0930c590c190ec145f1da292b3f74a3c86b8b578f798db0fafc76341b92fecc,128x128,p8_widget_stamp,"pivot=64,64",widget_target_boxer.png,accepted,4.8
widget_target_boxer_success,assets/opera/worlds/widgets/widget_target_boxer_success.png,b103ac34cc9c014c8890c5d70a0b6b8ce13973af24cf572dc2bc65dd4e713252,1024x608,p8_widget_overlay,registered=1:1,widget_target_boxer.png,accepted,4.8
widget_target_painter,assets/opera/worlds/widgets/widget_target_painter.png,b3ec703c5fe8d735800eb25265de8612b7b115b766838212e042c4e6221ae1fa,1024x608,p8_widget_backdrop,"roam=205..819,146..462",Path-A composition from approved cards,accepted,4.8
widget_target_painter,assets_src/concepts/opera_regeneration_2026-08-01/cards/widget_target_painter.png,b3ec703c5fe8d735800eb25265de8612b7b115b766838212e042c4e6221ae1fa,1024x608,p8_widget_staging,"roam=205..819,146..462",assets/opera/worlds/widgets/widget_target_painter.png,accepted,4.8
widget_target_painter_mover,assets/opera/worlds/widgets/widget_target_painter_mover.png,158ebeaeaca6f30b2ccf173ece16f959c69645bb24f786e73bfce750e43ead97,256x256,p8_widget_mover,"roam=205..819,146..462",widget_target_painter.png,accepted,4.8
widget_target_painter_mark,assets/opera/worlds/widgets/widget_target_painter_mark.png,80cb889395cb5069860ceb2a4a2d2dc7fd3049eba2ad2c9ac79b46e301d60d2e,128x128,p8_widget_stamp,"pivot=64,64",widget_target_painter.png,accepted,4.8
widget_target_astronaut,assets/opera/worlds/widgets/widget_target_astronaut.png,c2002aba59114f75228b3221876bad002e0e2bb0a261bdc826e3e34064583c30,1024x608,p8_widget_backdrop,"roam=205..819,146..462",Path-A composition from approved cards,accepted,4.8
widget_target_astronaut,assets_src/concepts/opera_regeneration_2026-08-01/cards/widget_target_astronaut.png,c2002aba59114f75228b3221876bad002e0e2bb0a261bdc826e3e34064583c30,1024x608,p8_widget_staging,"roam=205..819,146..462",assets/opera/worlds/widgets/widget_target_astronaut.png,accepted,4.8
widget_target_astronaut_mover,assets/opera/worlds/widgets/widget_target_astronaut_mover.png,5d11779c6c9d702dbbca75e359e019382b52e670f5fa6d3f1e47856878b5db15,256x256,p8_widget_mover,"roam=205..819,146..462",widget_target_astronaut.png,accepted,4.8
widget_target_astronaut_mark,assets/opera/worlds/widgets/widget_target_astronaut_mark.png,543bff1a2f541bb96076c38938a49850e951b87ee52381bdc85b55a46accf470,128x128,p8_widget_stamp,"pivot=64,64",widget_target_astronaut.png,accepted,4.8
widget_target_racer,assets/opera/worlds/widgets/widget_target_racer.png,12158e528ab9af3c7d742911ec8ab8c72a84997d63cf3695c7010f26ce99487e,1024x608,p8_widget_backdrop,"roam=205..819,146..462",Path-A composition from approved cards,accepted,4.8
widget_target_racer,assets_src/concepts/opera_regeneration_2026-08-01/cards/widget_target_racer.png,12158e528ab9af3c7d742911ec8ab8c72a84997d63cf3695c7010f26ce99487e,1024x608,p8_widget_staging,"roam=205..819,146..462",assets/opera/worlds/widgets/widget_target_racer.png,accepted,4.8
widget_target_racer_mover,assets/opera/worlds/widgets/widget_target_racer_mover.png,cfedf4f934f3c6b1fac915e196a0f2f8bc473a8d1a57059f92ef635d24e01d06,256x256,p8_widget_mover,"roam=205..819,146..462",widget_target_racer.png,accepted,4.8
widget_target_racer_mark,assets/opera/worlds/widgets/widget_target_racer_mark.png,23ee1cf497824aaa816f2a8e2d99a559ca0db5a9a7db21776cda0448939154dc,128x128,p8_widget_stamp,"pivot=64,64",widget_target_racer.png,accepted,4.8
widget_lanes_detective,assets/opera/worlds/widgets/widget_lanes_detective.png,44e6673e3be2ea8f1f7eda96d1a274a288e770cf765f1aa662e7c70465d52b65,1024x608,p8_widget_backdrop,"centers=171,512,853;baseline=430",Path-A composition from approved cards,accepted,4.8
widget_lanes_detective,assets_src/concepts/opera_regeneration_2026-08-01/cards/widget_lanes_detective.png,44e6673e3be2ea8f1f7eda96d1a274a288e770cf765f1aa662e7c70465d52b65,1024x608,p8_widget_staging,"centers=171,512,853;baseline=430",assets/opera/worlds/widgets/widget_lanes_detective.png,accepted,4.8
widget_lanes_detective_lit,assets/opera/worlds/widgets/widget_lanes_detective_lit.png,6bcd980aec5c98657fe1082f22a0b4b3cc2824d0892463b23f24690229080d58,768x256,p8_widget_lane_strip,"cells=0,256,512;baseline=430",widget_lanes_detective.png,accepted,4.8
widget_lanes_ballerina,assets/opera/worlds/widgets/widget_lanes_ballerina.png,973af7333787745f91208a2836696851e31b277367337988faacb6098545304a,1024x608,p8_widget_backdrop,"centers=171,512,853;baseline=430",Path-A composition from approved cards,accepted,4.8
widget_lanes_ballerina,assets_src/concepts/opera_regeneration_2026-08-01/cards/widget_lanes_ballerina.png,973af7333787745f91208a2836696851e31b277367337988faacb6098545304a,1024x608,p8_widget_staging,"centers=171,512,853;baseline=430",assets/opera/worlds/widgets/widget_lanes_ballerina.png,accepted,4.8
widget_lanes_ballerina_lit,assets/opera/worlds/widgets/widget_lanes_ballerina_lit.png,6d13cd6ad2f0856e58e9065a86695b9a751e8ef2a727de23863cf58aa3933107,768x256,p8_widget_lane_strip,"cells=0,256,512;baseline=430",widget_lanes_ballerina.png,accepted,4.8
widget_lanes_candymaker,assets/opera/worlds/widgets/widget_lanes_candymaker.png,4dd684c76c806ea5a6b2f462fce5d5770a8f81702c2ba61e0af148da75cd2bec,1024x608,p8_widget_backdrop,"centers=171,512,853;baseline=430",Path-A composition from approved cards,accepted,4.8
widget_lanes_candymaker,assets_src/concepts/opera_regeneration_2026-08-01/cards/widget_lanes_candymaker.png,4dd684c76c806ea5a6b2f462fce5d5770a8f81702c2ba61e0af148da75cd2bec,1024x608,p8_widget_staging,"centers=171,512,853;baseline=430",assets/opera/worlds/widgets/widget_lanes_candymaker.png,accepted,4.8
widget_lanes_candymaker_lit,assets/opera/worlds/widgets/widget_lanes_candymaker_lit.png,26639d304ef61822515f1884babdc1e1710c177778e93c003ef5598bb9d4c244,768x256,p8_widget_lane_strip,"cells=0,256,512;baseline=430",widget_lanes_candymaker.png,accepted,4.8
widget_lanes_doctor,assets/opera/worlds/widgets/widget_lanes_doctor.png,d7045deb1274f117246ce00deed8d2511cde2c6cf3ffe816c93d8cddf5c11352,1024x608,p8_widget_backdrop,"centers=171,512,853;baseline=430",Path-A composition from approved cards,accepted,4.8
widget_lanes_doctor,assets_src/concepts/opera_regeneration_2026-08-01/cards/widget_lanes_doctor.png,d7045deb1274f117246ce00deed8d2511cde2c6cf3ffe816c93d8cddf5c11352,1024x608,p8_widget_staging,"centers=171,512,853;baseline=430",assets/opera/worlds/widgets/widget_lanes_doctor.png,accepted,4.8
widget_lanes_doctor_lit,assets/opera/worlds/widgets/widget_lanes_doctor_lit.png,18be654c299b63e15dedf5ffdbed21eeb2383ae50b69b68b331c36e987d402ad,768x256,p8_widget_lane_strip,"cells=0,256,512;baseline=430",widget_lanes_doctor.png,accepted,4.8
widget_lanes_farmer,assets/opera/worlds/widgets/widget_lanes_farmer.png,d16a33faa6d93213e203e9e0d91b7e333edfaa8702c290c51de1548c9c86a032,1024x608,p8_widget_backdrop,"centers=171,512,853;baseline=430",Path-A composition from approved cards,accepted,4.8
widget_lanes_farmer,assets_src/concepts/opera_regeneration_2026-08-01/cards/widget_lanes_farmer.png,d16a33faa6d93213e203e9e0d91b7e333edfaa8702c290c51de1548c9c86a032,1024x608,p8_widget_staging,"centers=171,512,853;baseline=430",assets/opera/worlds/widgets/widget_lanes_farmer.png,accepted,4.8
widget_lanes_farmer_lit,assets/opera/worlds/widgets/widget_lanes_farmer_lit.png,03fedf2f4874460459f10a99a5cd8b464ab4e520eaeec45b936615cd3a9dee6c,768x256,p8_widget_lane_strip,"cells=0,256,512;baseline=430",widget_lanes_farmer.png,accepted,4.8
widget_lanes_boxer,assets/opera/worlds/widgets/widget_lanes_boxer.png,a5cd5eb4347404c02bb6c4c1bf277b82b66f4fd1f561fbfbf650d1e4d69a8dfa,1024x608,p8_widget_backdrop,"centers=171,512,853;baseline=430",Path-A composition from approved cards,accepted,4.8
widget_lanes_boxer,assets_src/concepts/opera_regeneration_2026-08-01/cards/widget_lanes_boxer.png,a5cd5eb4347404c02bb6c4c1bf277b82b66f4fd1f561fbfbf650d1e4d69a8dfa,1024x608,p8_widget_staging,"centers=171,512,853;baseline=430",assets/opera/worlds/widgets/widget_lanes_boxer.png,accepted,4.8
widget_lanes_boxer_lit,assets/opera/worlds/widgets/widget_lanes_boxer_lit.png,be7e5b74c6eb5e65e25cdc1807ac8302826b16123d44bd95ec1af48a871dc768,768x256,p8_widget_lane_strip,"cells=0,256,512;baseline=430",widget_lanes_boxer.png,accepted,4.8
widget_lanes_magician,assets/opera/worlds/widgets/widget_lanes_magician.png,74fe9ca8d7c2a3bf0d8ce5e373dff6ff1155ddfc591ff0808275aee751270556,1024x608,p8_widget_backdrop,"centers=171,512,853;baseline=430",Path-A composition from approved cards,accepted,4.8
widget_lanes_magician,assets_src/concepts/opera_regeneration_2026-08-01/cards/widget_lanes_magician.png,74fe9ca8d7c2a3bf0d8ce5e373dff6ff1155ddfc591ff0808275aee751270556,1024x608,p8_widget_staging,"centers=171,512,853;baseline=430",assets/opera/worlds/widgets/widget_lanes_magician.png,accepted,4.8
widget_lanes_magician_lit,assets/opera/worlds/widgets/widget_lanes_magician_lit.png,d19c4bbf676670e37b34876082d457ae244394bab69867a1bc487d5718f72c8b,768x256,p8_widget_lane_strip,"cells=0,256,512;baseline=430",widget_lanes_magician.png,accepted,4.8
widget_lanes_painter,assets/opera/worlds/widgets/widget_lanes_painter.png,635980c35f48ff61ba04c94c7968ef01aaecbda1f457e642cf5fa85c7d7c777f,1024x608,p8_widget_backdrop,"centers=171,512,853;baseline=430",Path-A composition from approved cards,accepted,4.8
widget_lanes_painter,assets_src/concepts/opera_regeneration_2026-08-01/cards/widget_lanes_painter.png,635980c35f48ff61ba04c94c7968ef01aaecbda1f457e642cf5fa85c7d7c777f,1024x608,p8_widget_staging,"centers=171,512,853;baseline=430",assets/opera/worlds/widgets/widget_lanes_painter.png,accepted,4.8
widget_lanes_painter_lit,assets/opera/worlds/widgets/widget_lanes_painter_lit.png,bd021b3798ed9712a483ffe3a1d52f6174d419c476a3593fdebb6f2c70cb20a1,768x256,p8_widget_lane_strip,"cells=0,256,512;baseline=430",widget_lanes_painter.png,accepted,4.8
widget_lanes_astronaut,assets/opera/worlds/widgets/widget_lanes_astronaut.png,16d1336a0e918a3fac2fea72e559014aa7664524ecbe05423ebd5ae182894c75,1024x608,p8_widget_backdrop,"centers=171,512,853;baseline=430",Path-A composition from approved cards,accepted,4.8
widget_lanes_astronaut,assets_src/concepts/opera_regeneration_2026-08-01/cards/widget_lanes_astronaut.png,16d1336a0e918a3fac2fea72e559014aa7664524ecbe05423ebd5ae182894c75,1024x608,p8_widget_staging,"centers=171,512,853;baseline=430",assets/opera/worlds/widgets/widget_lanes_astronaut.png,accepted,4.8
widget_lanes_astronaut_lit,assets/opera/worlds/widgets/widget_lanes_astronaut_lit.png,a0800e209313fd751e98701fe831c01711930aa4e8ad925595523c6c2dae36fd,768x256,p8_widget_lane_strip,"cells=0,256,512;baseline=430",widget_lanes_astronaut.png,accepted,4.8
widget_lanes_popstar,assets/opera/worlds/widgets/widget_lanes_popstar.png,ca89af5fda2ba201beb70b709ecf0767876aeb9b2934e0c9d7a8b293fb5098fd,1024x608,p8_widget_backdrop,"centers=171,512,853;baseline=430",Path-A composition from approved cards,accepted,4.8
widget_lanes_popstar,assets_src/concepts/opera_regeneration_2026-08-01/cards/widget_lanes_popstar.png,ca89af5fda2ba201beb70b709ecf0767876aeb9b2934e0c9d7a8b293fb5098fd,1024x608,p8_widget_staging,"centers=171,512,853;baseline=430",assets/opera/worlds/widgets/widget_lanes_popstar.png,accepted,4.8
widget_lanes_popstar_lit,assets/opera/worlds/widgets/widget_lanes_popstar_lit.png,d25046a658c83673cdaf1a89cbf9034884ad497b3314fe183abd69b294d2e284,768x256,p8_widget_lane_strip,"cells=0,256,512;baseline=430",widget_lanes_popstar.png,accepted,4.8
widget_catch_nursery,assets/opera/worlds/widgets/widget_catch_nursery.png,bf33a3fa22216f2354dc64333682005bdb5e404574156a5838cf263dcab10b17,1024x608,p8_widget_backdrop,mobile_y=73;catch_y=450;pillow_y=553,Path-A composition from approved cards,accepted,4.8
widget_catch_nursery,assets_src/concepts/opera_regeneration_2026-08-01/cards/widget_catch_nursery.png,bf33a3fa22216f2354dc64333682005bdb5e404574156a5838cf263dcab10b17,1024x608,p8_widget_staging,mobile_y=73;catch_y=450;pillow_y=553,assets/opera/worlds/widgets/widget_catch_nursery.png,accepted,4.8
widget_gauge_shared_needle,assets/opera/worlds/widgets/widget_gauge_shared_needle.png,2e19d32daf3c4c4a77a06296c20936814c8c4ada3b7f3884c89a36ee29a1543c,256x256,p8_widget_shared,"pivot=128,224;zero=up",P7/P2-09i grammar,accepted,4.8
widget_track_shared_hit,assets/opera/worlds/widgets/widget_track_shared_hit.png,ee0b88988cf969806ac3a525d9c7eac39fa6698405c44d1e9d51420d73b110b6,256x256,p8_widget_shared,"pivot=128,128",Path-A sparkle,accepted,4.8
widget_basin_shared_shine,assets/opera/worlds/widgets/widget_basin_shared_shine.png,1c9daf2859d6710249b5422a8a5534131895fe291ee2ed00eb245e8cb46f2f26,256x256,p8_widget_shared,"pivot=128,128",Path-A sparkle,accepted,4.8
widget_push_shared_arrow_down,assets/opera/worlds/widgets/widget_push_shared_arrow_down.png,abde9001ec1aa89e1733a75b7d16439756103d659cfdd0fef54eacb2587a1eac,256x256,p8_widget_shared,"pivot=128,128",Path-A affordance,accepted,4.8
widget_push_shared_arrow_lr,assets/opera/worlds/widgets/widget_push_shared_arrow_lr.png,4fac3e28f9006f323d177d3e6df6f9fc4b6242084c699dafa900cb96ae5480c3,256x256,p8_widget_shared,"pivot=128,128",Path-A affordance,accepted,4.8
widget_lanes_shared_pick,assets/opera/worlds/widgets/widget_lanes_shared_pick.png,ee0b88988cf969806ac3a525d9c7eac39fa6698405c44d1e9d51420d73b110b6,256x256,p8_widget_shared,"pivot=128,128",Path-A sparkle,accepted,4.8
widget_catch_nursery_cradle,assets/opera/worlds/widgets/widget_catch_nursery_cradle.png,9cacbc76cb577051150379a369add2576f5dc50b617d601f5b83bbe4ac0f068e,256x256,p8_widget_mover,"pivot=128,232;runtime_y=450",widget_catch_nursery.png,accepted,4.8
widget_catch_nursery_pillows,assets/opera/worlds/widgets/widget_catch_nursery_pillows.png,2a1ad09b777df4545cf84b0c6eff762852ce3e0b8a06fed4675570a0837b9549,1024x160,p8_widget_overlay,runtime_y=553,widget_catch_nursery.png,accepted,4.8
opera_widgets_contact_01,assets_src/concepts/opera_regeneration_2026-08-01/contact_sheets/opera_widgets_contact_01.png,21af47ec04d16fbfe7c8379ff415dcb223cee771be84d286a04619176895134c,1120x1128,qa_contact_sheet,thumb=256x152;grid=4x6,runtime widget outputs,accepted,4.8
opera_widgets_contact_02,assets_src/concepts/opera_regeneration_2026-08-01/contact_sheets/opera_widgets_contact_02.png,a27b26cd5873a9a5f77475068af80030850c85d8bf9de6ea59dfaed6aa116080,1120x1128,qa_contact_sheet,thumb=256x152;grid=4x6,runtime widget outputs,accepted,4.8
opera_widgets_contact_03,assets_src/concepts/opera_regeneration_2026-08-01/contact_sheets/opera_widgets_contact_03.png,238ec4c65d66f8879f411fcda0c9003138208225d15f0111f28be00d7059aed3,1120x1128,qa_contact_sheet,thumb=256x152;grid=4x6,runtime widget outputs,accepted,4.8
opera_widgets_contact_04,assets_src/concepts/opera_regeneration_2026-08-01/contact_sheets/opera_widgets_contact_04.png,0c6d560127bc3fe6e79f6ffeea6d40e6b24e9a66123d4544ab8be16d4fb218d0,1120x1128,qa_contact_sheet,thumb=256x152;grid=4x6,runtime widget outputs,accepted,4.8
opera_widgets_contact_05,assets_src/concepts/opera_regeneration_2026-08-01/contact_sheets/opera_widgets_contact_05.png,e6121575cdd50aee674d21144d8d0e83579c6fb1362e485f0ae260c5a5f2197f,1120x1128,qa_contact_sheet,thumb=256x152;grid=4x6,runtime widget outputs,accepted,4.8
opera_widgets_contact_06,assets_src/concepts/opera_regeneration_2026-08-01/contact_sheets/opera_widgets_contact_06.png,d688043dc34253ca066bc9b71d5be2c6c7b4af8619955ded38d27977a6890c7c,1120x1128,qa_contact_sheet,thumb=256x152;grid=4x6,runtime widget outputs,accepted,4.8
opera_widgets_contact_07,assets_src/concepts/opera_regeneration_2026-08-01/contact_sheets/opera_widgets_contact_07.png,4bd184b0a97495df56980e7d2ac11801aa17355409b77a9230e47aee0a03086c,1120x1128,qa_contact_sheet,thumb=256x152;grid=4x6,runtime widget outputs,accepted,4.8
opera_p7_gameplay_scale_1280x720,assets_src/concepts/opera_regeneration_2026-08-01/contact_sheets/opera_p7_gameplay_scale_1280x720.png,a3f7cb6febdea345aed09f6b3dabb57c2b3e2b90c1527d46054b87fd0a45d0dd,1280x720,qa_runtime_layout,viewport=1280x720;mobile_canvas,P7 runtime geometry,accepted,4.8
stage_ballerina_attempt_1,candidate-cache://exec-fa225fea-982c-4011-ae8e-f96dd50fd615.png,,1672x941,p3_rejected,not promoted,exec-fa225fea-982c-4011-ae8e-f96dd50fd615.png,rejected,2.0
stage_doctor_attempt_1,candidate-cache://exec-4837985c-85ac-4bd0-8939-7df3277296a7.png,,1672x941,p3_rejected,not promoted,exec-4837985c-85ac-4bd0-8939-7df3277296a7.png,rejected,2.0
world_farmer_attempt_1,candidate-cache://exec-26c94700-987d-4195-b8ea-d6819e5a43ea.png,,1672x941,p3_rejected,not promoted,exec-26c94700-987d-4195-b8ea-d6819e5a43ea.png,rejected,2.0
world_farmer_attempt_2,candidate-cache://exec-58d1ab3a-2a9e-4947-94b8-bd4b29640398.png,,1672x941,p3_rejected,not promoted,exec-58d1ab3a-2a9e-4947-94b8-bd4b29640398.png,rejected,2.0
