asset_id,family,accepted_reference_path,prompt_revision,generation_id,native_dimensions,sha256,score,status,rejection_reason
astronaut_engineer_performance_boss_finale_2026-07-24,boss_finales,assets_src/concepts/opera_regeneration_2026-08-01/cards/astronaut_engineer_performance_boss_finale_2026-07-24.png,P4-03,exec-7ec20da7-2d87-498b-8ff8-1ce09aac83e9.png,1672x941,6466c1fbb90a8dccab09108a535b5a574a28e2cb264376cc0329e21e3fe15e94,4.8,accepted,
boss_midnight_maestro_friendly,boss_finales,assets_src/concepts/opera_regeneration_2026-08-01/cards/boss_midnight_maestro_friendly.png,P4-03,exec-be832013-604d-4e17-9931-de89bd13a616.png,1254x1254,36c010267d59b56bf5ed67e3633111d6e355587325ff80f40104bf5daa0aa483,4.8,accepted,
boss_shadow_phantom_friendly,boss_finales,assets_src/concepts/opera_regeneration_2026-08-01/cards/boss_shadow_phantom_friendly.png,P4-03,exec-14223439-45d9-4392-a07f-6757b96f2e34.png,1254x1254,32d2b82d0d9f90f3ed7e152772bc71ceaac8a86d5debef59705af455a8207286,4.8,accepted,
boxer_performance_boss_finale_2026-07-24,boss_finales,assets_src/concepts/opera_regeneration_2026-08-01/cards/boxer_performance_boss_finale_2026-07-24.png,P4-03,exec-ee9975b1-59e7-4a47-8f29-4f7a8a1d20cb.png,1672x941,a16526d1addd17ef3554523b74c07d615ceb7ed494e0b0ce0a15f55dfff75f73,4.8,accepted,
doctor_performance_boss_finale_2026-07-24,boss_finales,assets_src/concepts/opera_regeneration_2026-08-01/cards/doctor_performance_boss_finale_2026-07-24.png,P4-03,exec-06322a9d-e58b-4f97-9364-5c56235bf118.png,1672x941,e240c6c121a633cef4d685a0a5ae4c83ad163d96c6331ee7baea647dd640a56f,4.8,accepted,
farmer_gameplay_sheet,farmer,assets_src/concepts/opera_regeneration_2026-08-01/cards/farmer_gameplay_sheet.png,P2-08,exec-ba2b918e-93ed-4009-a25f-0ad6f7ccde69.png,1254x1254,4b6e346eda01ba7af3529326da92803e5e4b7312af2ad71bd27e1f10e8bc1a61,4.8,accepted,
farmer_performance_boss_finale_2026-07-24,boss_finales,assets_src/concepts/opera_regeneration_2026-08-01/cards/farmer_performance_boss_finale_2026-07-24.png,P4-03,exec-98b68765-4d64-4120-9273-012ff7b01532.png,1672x941,29b8499af253f49cf1a5122b86518ed941dbd6c9457759200f7604eb9f5425a3,4.8,accepted,
imp_captain,rivals,assets_src/concepts/opera_regeneration_2026-08-01/cards/imp_captain.png,P1,exec-7965759e-156f-4315-bb01-87a9820939b1.png,1254x1254,f9ae6de8d2604a81b2c0c9c20de68d51561fd749f49f554ecee9c141557ce68c,4.8,accepted,
imp_captain_bopped,rivals,assets_src/concepts/opera_regeneration_2026-08-01/cards/imp_captain_bopped.png,P1,exec-b8efc220-fe27-450e-b323-b69efa66a4d8.png,1254x1254,fd07f79914c50087430c8aa6ac42f331c9af3080e2820aec0edc60e210d3aee4,4.8,accepted,
imp_captain_bow,rivals,assets_src/concepts/opera_regeneration_2026-08-01/cards/imp_captain_bow.png,P1,exec-4cac2c7f-a077-4fc9-859b-91c3c385649e.png,1254x1254,cecf422c0f4440b5689a3483808e7955d0f1561d36fd024420150d5d8cf4cac2,4.8,accepted,
imp_mischief,rivals,assets_src/concepts/opera_regeneration_2026-08-01/cards/imp_mischief.png,P1,exec-9e92b9fa-b7b5-4a9c-9f2a-e20018bfd8ff.png,1254x1254,a7c6a7b8add339355b6a17552aa47606b5df46c0c96d321ab02809503713bf50,4.8,accepted,
imp_mischief_bopped,rivals,assets_src/concepts/opera_regeneration_2026-08-01/cards/imp_mischief_bopped.png,P1,exec-80d9d6fd-c1c6-4340-8578-85784779d49d.png,1254x1254,10ebf100347f032f8cb6cf18073cb1ac60bf26f4f3db247adf12b5ba91b1e797,4.8,accepted,
imp_mischief_bow,rivals,assets_src/concepts/opera_regeneration_2026-08-01/cards/imp_mischief_bow.png,P1,exec-c06ee44d-9e98-4954-b24b-ae2af4edcf4c.png,1254x1254,8416e6535abcbe2b78a7a0da77cfbacd4b97e41e7b3c8706c875e21acf0230bd,4.8,accepted,
magician_performance_boss_finale_2026-07-24,boss_finales,assets_src/concepts/opera_regeneration_2026-08-01/cards/magician_performance_boss_finale_2026-07-24.png,P4-03,exec-d81a17c2-6eed-4acc-9b7f-7786dd135470.png,1672x941,262168c03ff37eed459c1d7bc28c96f4e0bd4fefffe3f1e87acf2e224608e485,4.8,accepted,
opera_house_audience_kit,opera_house,assets_src/concepts/opera_regeneration_2026-08-01/cards/opera_house_audience_kit.png,P3-03,exec-f1433e5a-7690-494d-b036-0b3171de0300.png,1254x1254,c875d03f7a0bf7fdd6d5ec85a888e7b35620fd36ae739da677e3715d5fcbbb22,4.8,accepted,
opera_job_astronaut_engineer_gameplay_rocket_front,career_cards,assets_src/concepts/opera_regeneration_2026-08-01/cards/opera_job_astronaut_engineer_gameplay_rocket_front.png,P2-09/P4-05,exec-7ec64f23-f8db-443f-9825-698cbc2c007e.png,1254x1254,98988be4504159bb1520d6942bcf79b2501628d0dc5f19dee0fd86a197e0a5e4,4.8,accepted,
opera_job_ballerina_gameplay_music_box,career_cards,assets_src/concepts/opera_regeneration_2026-08-01/cards/opera_job_ballerina_gameplay_music_box.png,P2-09/P4-05,exec-4236332a-1094-4976-bba1-4a6d554bd166.png,1254x1254,c878aaa4480767e60e334379116665dcb34d0b1eef910a80dab02b6342c2f874,4.8,accepted,
opera_job_ballerina_outfit_tertiary_tool_or_accessory,career_cards,assets_src/concepts/opera_regeneration_2026-08-01/cards/opera_job_ballerina_outfit_tertiary_tool_or_accessory.png,P2-09/P4-05,exec-73ff7986-680c-44ef-b766-e42629c2c2cf.png,1254x1254,b6d5faa82d7a04e6e59258e43c43ad2e7432134f4bbc1de17eb3e36f73c0bea6,4.8,accepted,
opera_job_boxer_gameplay_championship_belt,career_cards,assets_src/concepts/opera_regeneration_2026-08-01/cards/opera_job_boxer_gameplay_championship_belt.png,P2-09/P4-05,exec-a984de05-6eec-4cee-b096-5deffa914881.png,1254x1254,94bed19061061265febac7453fdf20d6cc9ec30aa8b15f8c5881da0c23b5e2ca,4.8,accepted,
opera_job_boxer_gameplay_imp_bow_group,rivals,assets_src/concepts/opera_regeneration_2026-08-01/cards/opera_job_boxer_gameplay_imp_bow_group.png,P2-02/03,exec-810207d9-2b60-44b3-b2d8-ef52c21ce90f.png,1254x1254,4284c5dc97a9843710a7d4b3d49635e97f25bf85719b96d2fbed50347502a49b,4.8,accepted,
opera_job_boxer_stage_states_bop_state,career_cards,assets_src/concepts/opera_regeneration_2026-08-01/cards/opera_job_boxer_stage_states_bop_state.png,P2-02/03,exec-cffd5543-9456-4160-a8e1-c0cabdc624f7.png,1254x1254,aea0ec146a561e77fa00f101c2d795ff044c20d9e6af6ab2c14841309a79308e,4.8,accepted,
opera_job_boxer_stage_states_gentle_retry,career_cards,assets_src/concepts/opera_regeneration_2026-08-01/cards/opera_job_boxer_stage_states_gentle_retry.png,P2-02/03,exec-d9a22fa6-1c1e-49c2-b548-d36989317590.png,1254x1254,1fa513439dd4988ffe5ba3f341ae4c0ece28a6b7dfda321e5bb39487c153a8fc,4.8,accepted,
opera_job_boxer_stage_states_imp_peek_state,rivals,assets_src/concepts/opera_regeneration_2026-08-01/cards/opera_job_boxer_stage_states_imp_peek_state.png,P2-02/03,exec-f6367beb-4ec3-45df-9511-1604815f64f4.png,1254x1254,dee94cce1b08a897cb18b7f19574d33b9bbeb6c8ad0d2d851ad52af55420a331,4.8,accepted,
opera_job_candy_maker_gameplay_wrapped_candy_reward,career_cards,assets_src/concepts/opera_regeneration_2026-08-01/cards/opera_job_candy_maker_gameplay_wrapped_candy_reward.png,P2-09/P4-05,exec-3b5632b2-462f-4234-a380-a5f9656848b2.png,1254x1254,d82c1ea605cfc78b0a8c3ce75f24cf0dd1659829d9043d514afbbf0431e46732,4.8,accepted,
opera_job_candy_maker_stage_states_seven_slot_shelf,career_cards,assets_src/concepts/opera_regeneration_2026-08-01/cards/opera_job_candy_maker_stage_states_seven_slot_shelf.png,P2-09/P4-05,exec-90f0543a-7011-460d-bef6-646590ded0db.png,1254x1254,af3c480c679a15b1371f069429215b5ce9e05d5ca5faccf44b58e6573ed234c7,4.8,accepted,
opera_job_candy_maker_stage_states_shelf_complete,career_cards,assets_src/concepts/opera_regeneration_2026-08-01/cards/opera_job_candy_maker_stage_states_shelf_complete.png,P2-09/P4-05,exec-357d4deb-7e33-414b-a8d8-b8a45fec0700.png,1254x1254,7c0ea409a94ec490015b9cb680122711b74a5c67c7c06e8b574ba587c059fe01,4.8,accepted,
opera_job_candy_maker_stage_states_timing_pointer,career_cards,assets_src/concepts/opera_regeneration_2026-08-01/cards/opera_job_candy_maker_stage_states_timing_pointer.png,P2-09/P4-05,exec-f3073d5a-e2d8-4209-9c85-feea39fa9ab0.png,1254x1254,a483550a2f41855fe71225dcc304f74a53077a4151063511da32924a4e2aa27e,4.8,accepted,
opera_job_detective_gameplay_magnifier,career_cards,assets_src/concepts/opera_regeneration_2026-08-01/cards/opera_job_detective_gameplay_magnifier.png,P2-09/P4-05,exec-c79a4fbc-83b2-4b03-831f-88a8fb46ba89.png,1254x1254,a6cb956c748e384f0ca40d10f9d430706194110a062fb892c8a1217966405112,4.8,accepted,
opera_job_detective_gameplay_pearl_tiara,career_cards,assets_src/concepts/opera_regeneration_2026-08-01/cards/opera_job_detective_gameplay_pearl_tiara.png,P2-09/P4-05,exec-16885f1a-8e92-49f6-b796-b29ee46925b5.png,1254x1254,00b19770f052850d9a9cb3bfa19d6627e6fd2c2a0d2db6034f32d34a6b447886,4.8,accepted,
opera_job_detective_stage_states_case_complete_tableau,career_cards,assets_src/concepts/opera_regeneration_2026-08-01/cards/opera_job_detective_stage_states_case_complete_tableau.png,P2-09/P4-05,exec-0504f6d2-ad42-4afa-916b-97ff4a110d9b.png,1254x1254,0e89bd426c550c68d31357a7c24a4cb203a8fb21093308c16f9c4b935de19e35,4.8,accepted,
opera_job_detective_stage_states_chest_pedestal,career_cards,assets_src/concepts/opera_regeneration_2026-08-01/cards/opera_job_detective_stage_states_chest_pedestal.png,P2-09/P4-05,exec-4e244964-dea4-4298-a42e-5c1add1dcdec.png,1254x1254,0703f67e013f376d90ed71593ad4f127cfbf09a1a6f38a9b07d3aae13db73c8d,4.8,accepted,
opera_job_detective_stage_states_magnifier_pointer,career_cards,assets_src/concepts/opera_regeneration_2026-08-01/cards/opera_job_detective_stage_states_magnifier_pointer.png,P2-09/P4-05,exec-f5faed60-669d-406f-b003-f8eabdfe5af7.png,1254x1254,646977ddf120c91f5076c89df7a82bf7e2413b23177c769ec8bba96668c5bbb2,4.8,accepted,
opera_job_doctor_gameplay_recovered_starfish,career_cards,assets_src/concepts/opera_regeneration_2026-08-01/cards/opera_job_doctor_gameplay_recovered_starfish.png,P2-09/P4-05,exec-be9f8a34-354c-41fd-9bc0-4c328e3376ff.png,1254x1254,d1dc7830d761f5a35d0c324aefbfe1cdff0db48fd78cae96122fdf1b02cdb552,4.8,accepted,
opera_job_doctor_outfit_primary_tool_or_accessory,career_cards,assets_src/concepts/opera_regeneration_2026-08-01/cards/opera_job_doctor_outfit_primary_tool_or_accessory.png,P2-09/P4-05,exec-6217a596-9d59-44ae-a6f2-d06748b26144.png,1254x1254,c9f610cae1b18023b241b7bfb714a1cbd85c8d4d7d5dad832d406c064823dfa7,4.8,accepted,
opera_job_doctor_stage_states_four_step_board,career_cards,assets_src/concepts/opera_regeneration_2026-08-01/cards/opera_job_doctor_stage_states_four_step_board.png,P2-09/P4-05,exec-1ef8b71a-321a-41ff-ace5-861a04032501.png,1254x1254,c09d04977129f2d7d0ee8b83cf74cb4a6a729350811ea13bdc1b1bafedd242cb,4.8,accepted,
opera_job_farmer_gameplay_piggy_fed,career_cards,assets_src/concepts/opera_regeneration_2026-08-01/cards/opera_job_farmer_gameplay_piggy_fed.png,P2-09/P4-05,exec-2518f2b7-e50b-4cc0-b335-b43daea2b38c.png,1254x1254,bcea6f363795ba3a4aa052799af3b1015a4fd2294e6ebd0950d87aca1b9503d9,4.8,accepted,
opera_job_farmer_stage_states_piggy_finale,career_cards,assets_src/concepts/opera_regeneration_2026-08-01/cards/opera_job_farmer_stage_states_piggy_finale.png,P2-09/P4-05,exec-c4018336-a9dd-406c-b5b1-289671a8d08a.png,1254x1254,23f0e6b5f8ead8ae8c633959485cbb1120ee9a07b870a630bc0e587fb690efb0,4.8,accepted,
opera_job_magician_gameplay_bunny_fish_peek,magician_lamba,assets_src/concepts/opera_regeneration_2026-08-01/cards/opera_job_magician_gameplay_bunny_fish_peek.png,P2-09/P4-05,exec-a053e1f9-2f00-4c44-b237-7b6c40f27a23.png,1254x1254,1884cc64c144adaac7c5b04785cfe3edd63a5601244308a6e7953d1f5f868d30,4.8,accepted,
opera_job_magician_gameplay_bunny_fish_reveal,magician_lamba,assets_src/concepts/opera_regeneration_2026-08-01/cards/opera_job_magician_gameplay_bunny_fish_reveal.png,P2-09/P4-05,exec-a03e92fe-c5e6-4414-a6ca-4658311d242a.png,1254x1254,5e17660b385fba3ffddc8484cba730d2401e7bbc7c4781afb2ab9f80b3e8f025,4.8,accepted,
opera_job_magician_gameplay_bunny_fish_swim,magician_lamba,assets_src/concepts/opera_regeneration_2026-08-01/cards/opera_job_magician_gameplay_bunny_fish_swim.png,P2-09/P4-05,exec-d52078dd-65fa-4e9b-b64a-e5f5501a34d0.png,1254x1254,2acdafc4fd5c1dc8b3b986edbbdadefa53500924361af7d8da1107c2785d241d,4.8,accepted,
opera_job_magician_gameplay_pearl_wand,magician_lamba,assets_src/concepts/opera_regeneration_2026-08-01/cards/opera_job_magician_gameplay_pearl_wand.png,P2-09/P4-05,exec-ff8c9539-b1b8-48d9-8413-d3586e29eeb5.png,1254x1254,d14753adc156cf0cf7c432cadd7f0d0ab13a43409df07d0f61ac0329a5269c01,4.8,accepted,
opera_job_magician_stage_states_bunny_fish_reveal,magician_lamba,assets_src/concepts/opera_regeneration_2026-08-01/cards/opera_job_magician_stage_states_bunny_fish_reveal.png,P2-09/P4-05,exec-24f3d0a8-7e09-4837-809a-6f8e43de0100.png,1254x1254,8068df6aca6ec1941bf6829f2fa7cab4e5a186305b969813db4cc7838f774cfa,4.8,accepted,
opera_job_magician_stage_states_decoy_state,magician_lamba,assets_src/concepts/opera_regeneration_2026-08-01/cards/opera_job_magician_stage_states_decoy_state.png,P2-09/P4-05,exec-7ef67f19-1835-4a86-98e8-caa106211263.png,1254x1254,2536f7822363cb306fb42748e20167965ebbb51c2984b9352631f0d673ac1736,4.8,accepted,
opera_job_magician_stage_states_final_reveal,magician_lamba,assets_src/concepts/opera_regeneration_2026-08-01/cards/opera_job_magician_stage_states_final_reveal.png,P2-09/P4-05,exec-b59b4b99-c335-4bea-a222-c8c1bc8e1f3a.png,1254x1254,68440883caa48f018bd975645ee827db64245b675c1649d814405f530a86b0b6,4.8,accepted,
opera_job_magician_stage_states_selector_state,magician_lamba,assets_src/concepts/opera_regeneration_2026-08-01/cards/opera_job_magician_stage_states_selector_state.png,P2-09/P4-05,exec-2fec0f0e-d44f-46a9-9369-52884aa71c4f.png,1254x1254,d790462c43c9e48c82ff32d220c69a7cb9dd97a3a223ef5db7cf6c0b2d340e98,4.8,accepted,
opera_job_magician_stage_states_swap_state,magician_lamba,assets_src/concepts/opera_regeneration_2026-08-01/cards/opera_job_magician_stage_states_swap_state.png,P2-09/P4-05,exec-18168f63-7820-4d0e-9a92-5083ba382629.png,1254x1254,f616ffa7ef701dd403e402b1de5fe989c14862626ad358ad233c735404d65886,4.8,accepted,
opera_job_magician_stage_states_watch_state,magician_lamba,assets_src/concepts/opera_regeneration_2026-08-01/cards/opera_job_magician_stage_states_watch_state.png,P2-09/P4-05,exec-51224c38-df5a-48dd-a3ee-ab4eb17ef207.png,1254x1254,a47457ac2eb4eedd54be71a29c4130a7d18b10997d5588d6081fa7c38ed37257,4.8,accepted,
opera_job_painter_gameplay_coral_loaded_brush,career_cards,assets_src/concepts/opera_regeneration_2026-08-01/cards/opera_job_painter_gameplay_coral_loaded_brush.png,P2-09/P4-05,exec-feb2da7c-514b-447b-b7b5-998345a59f45.png,1254x1254,1af2edd41be9444580501315f27e09b8ae0640a82e840fe15d6f305f5f376029,4.8,accepted,
opera_job_painter_gameplay_cream_loaded_brush,career_cards,assets_src/concepts/opera_regeneration_2026-08-01/cards/opera_job_painter_gameplay_cream_loaded_brush.png,P2-09/P4-05,exec-9c822771-b48b-41ae-bd46-deef139a1522.png,1254x1254,01c8fa9da0edc76b0650c3d1237ab91d16b355bd4ea80a52a1e2dd46b0a5bd3b,4.8,accepted,
opera_job_painter_gameplay_framed_sunrise,career_cards,assets_src/concepts/opera_regeneration_2026-08-01/cards/opera_job_painter_gameplay_framed_sunrise.png,P2-09/P4-05,exec-77a0271f-082d-46a5-a113-d2abaad695bd.png,1254x1254,54328120ac10ce2a541d9516315b34c4b23b4902e6c22ee5563401082624af96,4.8,accepted,
opera_job_painter_gameplay_plum_loaded_brush,career_cards,assets_src/concepts/opera_regeneration_2026-08-01/cards/opera_job_painter_gameplay_plum_loaded_brush.png,P2-09/P4-05,exec-68c1a323-04e6-48b3-a8c3-ff5773b01b18.png,1254x1254,dbf957c5f64afe5001d7f89643237a1634ba38d5ff8f21a8d86cf84ba2e457d2,4.8,accepted,
opera_job_pastry_chef_gameplay_finished_cake,career_cards,assets_src/concepts/opera_regeneration_2026-08-01/cards/opera_job_pastry_chef_gameplay_finished_cake.png,P2-09/P4-05,exec-1a4bec08-a51f-435a-aacb-b84c1d1fa754.png,1254x1254,c42dea558e500b7ab6195dede76f3c486f282493ca6dcec607a8a28929245c1e,4.8,accepted,
opera_job_pastry_chef_stage_states_cake_reveal,career_cards,assets_src/concepts/opera_regeneration_2026-08-01/cards/opera_job_pastry_chef_stage_states_cake_reveal.png,P2-09/P4-05,exec-cbd22830-8f7d-4056-8584-d9cd6face619.png,1254x1254,c1115a29d6090edd4b4969d40841cf5ff96084159100f705f600d5ef5f46dd50,4.8,accepted,
opera_job_pastry_chef_stage_states_oven_alcove,career_cards,assets_src/concepts/opera_regeneration_2026-08-01/cards/opera_job_pastry_chef_stage_states_oven_alcove.png,P2-09/P4-05,exec-fb5f0099-e706-48a9-8f93-78155de39416.png,1254x1254,ca02310a797fdf111ba5341f073930cf523d01e862b947a1f896a1ff763a12c8,4.8,accepted,
opera_job_pastry_chef_stage_states_placement_glows,career_cards,assets_src/concepts/opera_regeneration_2026-08-01/cards/opera_job_pastry_chef_stage_states_placement_glows.png,P2-09/P4-05,exec-2d3dbef1-12ca-4099-aa26-47fa595350a8.png,1254x1254,a43d77ba3dffb3bd000a53bec942c91a5886991a3ee713cdf8e03cc4ed24b2ff,4.8,accepted,
opera_job_pastry_chef_stage_states_presentation_cart,career_cards,assets_src/concepts/opera_regeneration_2026-08-01/cards/opera_job_pastry_chef_stage_states_presentation_cart.png,P2-09/P4-05,exec-adcc9dcf-7ea7-474a-a663-ea5e1b00bf49.png,1254x1254,e6fdd1051aaea750b6737e56c5a2efa633e1750c3e1450f47cba109b674e91e0,4.8,accepted,
opera_job_pastry_chef_stage_states_topping_pedestals,career_cards,assets_src/concepts/opera_regeneration_2026-08-01/cards/opera_job_pastry_chef_stage_states_topping_pedestals.png,P2-09/P4-05,exec-9214e5fa-13c7-4c8e-ab6c-f34c2d17ba22.png,1254x1254,5c4cdfe98e3f02c72b0adca9c817f643f9a204f44e654a61ba15b7441f31bf3a,4.8,accepted,
opera_job_pop_star_gameplay_microphone_finale,career_cards,assets_src/concepts/opera_regeneration_2026-08-01/cards/opera_job_pop_star_gameplay_microphone_finale.png,P2-09/P4-05,exec-38eee3e2-1d54-4301-96bf-3915be39c51d.png,1254x1254,345a3f5610b8cb7cdbccf0f18ac915104153cab616be42255c7b0b2bf5a267a3,4.8,accepted,
opera_job_pop_star_gameplay_speaker,career_cards,assets_src/concepts/opera_regeneration_2026-08-01/cards/opera_job_pop_star_gameplay_speaker.png,P2-09/P4-05,exec-d8b96a02-1d0a-4689-86cb-e26d653dde18.png,1254x1254,882720d70b12e756cc74f5c57b0b053034838871c12e802889e09fb4e9408d89,4.8,accepted,
opera_job_pop_star_stage_states_arrow_lane,career_cards,assets_src/concepts/opera_regeneration_2026-08-01/cards/opera_job_pop_star_stage_states_arrow_lane.png,P2-09/P4-05,exec-38ef1ad2-1d6e-46c0-a854-300e8babf0d2.png,1254x1254,fd6b036c3d2bf87caabd91ae4327adf6515a832e84541041505b4692edb5ee2a,4.8,accepted,
opera_job_pop_star_stage_states_arrows_complete,career_cards,assets_src/concepts/opera_regeneration_2026-08-01/cards/opera_job_pop_star_stage_states_arrows_complete.png,P2-09/P4-05,exec-dc442127-5ada-4f5f-b065-c7bd2c26f914.png,1254x1254,85b8227974ad6c76280ddbaf832e406703d9451deebf99f495563b30fc88a3c4,4.8,accepted,
opera_job_pop_star_stage_states_dance_floor,career_cards,assets_src/concepts/opera_regeneration_2026-08-01/cards/opera_job_pop_star_stage_states_dance_floor.png,P2-09/P4-05,exec-e38212da-b14e-451c-a475-d2cebdb8d7f7.png,1254x1254,6340ce18b30fef4403daf09ab8244cd2addd6cd102cce33079f67000d5173087,4.8,accepted,
opera_job_racecar_driver_gameplay_shell_trophy,career_cards,assets_src/concepts/opera_regeneration_2026-08-01/cards/opera_job_racecar_driver_gameplay_shell_trophy.png,P2-09/P4-05,exec-ce69b6ab-71f9-4954-842d-5cf340c6b39e.png,1254x1254,73e37f9f9b3b51a79f822b5ca9ac149978325c5dc7d71e09cbe8006e6e0400ff,4.8,accepted,
opera_job_racecar_driver_gameplay_zoom_strip_active,career_cards,assets_src/concepts/opera_regeneration_2026-08-01/cards/opera_job_racecar_driver_gameplay_zoom_strip_active.png,P2-09/P4-05,exec-4728d13d-c787-4302-add5-443eac671728.png,1254x1254,f957dc58fec90181293a7c5a43de93fcde60e5c30b3683ba8bbef56d8589ecdd,4.8,accepted,
opera_job_racecar_driver_outfit_secondary_tool_or_accessory,career_cards,assets_src/concepts/opera_regeneration_2026-08-01/cards/opera_job_racecar_driver_outfit_secondary_tool_or_accessory.png,P2-09/P4-05,exec-7f5be543-850b-4780-a3dc-5edf0697f063.png,1254x1254,c15e99e70bb9425c54cfb5dbc0840e1afb84b04ecf4ffbb3481c45a37db264c6,4.8,accepted,
opera_rival_costume_sheet_master,rivals,assets_src/concepts/opera_regeneration_2026-08-01/cards/opera_rival_costume_sheet_master.png,P2-01,exec-7f0a92a5-29f6-41b6-9bfa-8c3069e84dd1.png,1448x1086,4977bdd762e031f7597fc57d9e7f801025dcfb8c55245262549fcb7197de30ad,4.8,accepted,
opera_stage_finale_master_review_only_1254,career_cards,assets_src/concepts/opera_regeneration_2026-08-01/cards/opera_stage_finale_master_review_only_1254.png,P3-01,exec-e27b15e8-f16d-4197-8685-f09acf58f061.png,1254x1254,8cbd0b1e495730c72f27f7abab67f8f3c68626d74f4d707ea42c497c86ecb732,4.4,rejected,native 1254x1254 is below the binding 2048x2048 runtime gate; review reference only
opera_upper_access_floor_selector_full,opera_house,assets_src/concepts/opera_regeneration_2026-08-01/cards/opera_upper_access_floor_selector_full.png,P4-02,exec-bfa93fef-acd4-4a26-bf38-ad973d00c4a1.png,1254x1254,10b04981776a7d43f6164725be2c0860ad02fa3a90cbad891275ba3714a233fc,4.8,accepted,
opera_upper_access_floor_selector_ground,opera_house,assets_src/concepts/opera_regeneration_2026-08-01/cards/opera_upper_access_floor_selector_ground.png,P4-02,exec-1375db52-cfcb-4d59-8353-b5a06a33e3ee.png,1254x1254,d41c75cf1288e1bb574e694872caed46e62aad89047240202f03285784393f48,4.8,accepted,
opera_upper_access_floor_selector_middle,opera_house,assets_src/concepts/opera_regeneration_2026-08-01/cards/opera_upper_access_floor_selector_middle.png,P4-02,exec-b4d908b7-f05d-4ae5-93b0-7f93007838d5.png,1254x1254,b66a9ad78f1e89cf62c2d52e81a6c8136e4b67cb9037a0fd338985e5fe9b9916,4.8,accepted,
painter_performance_boss_finale_2026-07-24,boss_finales,assets_src/concepts/opera_regeneration_2026-08-01/cards/painter_performance_boss_finale_2026-07-24.png,P4-03,exec-15f1f596-8327-4513-8c67-f8c53d9338f3.png,1672x941,78ea5d31846442fe37e8b077c41271f16d7449de1e52d78c2bf3a0661dde2627,4.8,accepted,
pop_star_performance_boss_finale_2026-07-24,boss_finales,assets_src/concepts/opera_regeneration_2026-08-01/cards/pop_star_performance_boss_finale_2026-07-24.png,P4-03,exec-42d31345-2667-48bc-9852-601c0b9c7a7b.png,1672x941,23e4d8062c4b6282e84f8ca1ab082c9c87215ff8a1e3e0aafa8bbb9a778a08dc,4.8,accepted,
racecar_driver_performance_boss_finale_2026-07-24,boss_finales,assets_src/concepts/opera_regeneration_2026-08-01/cards/racecar_driver_performance_boss_finale_2026-07-24.png,P4-03,exec-6b2640d6-be6f-4e3c-a43a-4af8446d71dc.png,1672x941,5e584f7951a220c024ea9b1f641091f2f3b466d4f43e6e0ac7132fbc87de092a,4.8,accepted,
roshan_doctor_stethoscope,actors,assets_src/concepts/opera_regeneration_2026-08-01/cards/roshan_doctor_stethoscope.png,P2-04..07/P2-09,exec-af9814f2-16cc-4e7b-96cc-f3e83bff4d67.png,1254x1254,05f35a81deb8fbb10b8ffabef793f7712f2d47979dbfadf08fe9f593463d82b6,4.8,accepted,
roshan_racer_steering_wheel,actors,assets_src/concepts/opera_regeneration_2026-08-01/cards/roshan_racer_steering_wheel.png,P2-04..07/P2-09,exec-0ce28eb1-87eb-4090-9533-7016cc47cd16.png,1024x1536,fc6107fbf71f257daa609226319001d365f79cb99a1e562df12077f853bd1ed8,4.8,accepted,
opera_rival_costume_sheet_master_attempt_1,rivals,,P2-01,exec-640ff861-9c53-4009-a1f7-abd69056ebcd.png,recorded in external generation provenance,not promoted,0.0,rejected,astronaut and racer horns missing
opera_house_audience_kit_attempt_1,opera_house,,P3-03,exec-26254990-7392-4227-8e9d-62542336582b.png,recorded in external generation provenance,not promoted,0.0,rejected,introduced unapproved generic aquatic species
opera_job_candy_maker_stage_states_seven_slot_shelf_attempt_1,career_cards,,P2-09h,exec-33e35d6b-2be0-40d6-97de-4637ce3ed89f.png,recorded in external generation provenance,not promoted,0.0,rejected,five slots plus two gauges instead of seven candy slots
opera_job_farmer_stage_states_piggy_finale_attempt_1,career_cards,,P4-06,exec-c93059ec-4300-441b-8115-c2b39bcffa6f.png,recorded in external generation provenance,not promoted,0.0,rejected,ten piggies instead of the locked eleven
opera_job_racecar_driver_outfit_secondary_attempt_1,career_cards,,P2-09o,exec-2f5222bd-e7d4-477a-ae05-804a493dc5ee.png,recorded in external generation provenance,not promoted,0.0,rejected,neighboring grid fragments retained
roshan_racer_steering_wheel_attempt_1,actors,,P2-09o,exec-f25f5ccd-4349-48d4-a7a5-9e44916bdbb2.png,recorded in external generation provenance,not promoted,0.0,rejected,checker presentation pixels baked into actor
opera_job_doctor_outfit_primary_attempt_1,career_cards,,P2-09p,exec-53013a6e-5aba-4e8d-ae4f-873f35998a20.png,recorded in external generation provenance,not promoted,0.0,rejected,neighboring grid fragment retained
